gender,SeniorCitizen,Partner,Dependents,tenure,PhoneService,PaperlessBilling,MonthlyCharges,TotalCharges,MultipleLines_No phone service,MultipleLines_Yes,InternetService_Fiber optic,InternetService_No,OnlineSecurity_No internet service,OnlineSecurity_Yes,OnlineBackup_No internet service,OnlineBackup_Yes,DeviceProtection_No internet service,DeviceProtection_Yes,TechSupport_No internet service,TechSupport_Yes,StreamingTV_No internet service,StreamingTV_Yes,StreamingMovies_No internet service,StreamingMovies_Yes,Contract_One year,Contract_Two year,PaymentMethod_Credit card (automatic),PaymentMethod_Electronic check,PaymentMethod_Mailed check,Actual_Churn,Churn_Probability,Predicted_Churn
1,0,1,1,72,1,1,114.05,8468.2,False,True,True,False,False,True,False,True,False,True,False,True,False,True,False,True,False,True,True,False,False,0,0.007722757,0
0,1,0,0,8,1,1,100.15,908.55,False,True,True,False,False,False,False,False,False,False,False,True,False,True,False,True,False,False,True,False,False,0,0.79934883,1
0,0,1,1,41,1,1,78.35,3211.2,False,True,False,False,False,True,False,True,False,True,False,False,False,True,False,False,True,False,True,False,False,0,0.067187436,0
1,0,1,0,18,1,0,78.2,1468.75,False,False,True,False,False,False,False,False,False,True,False,True,False,False,False,False,False,False,False,True,False,0,0.28073654,1
0,0,1,0,72,1,1,82.65,5919.35,False,True,False,False,False,True,False,True,False,True,False,False,False,True,False,True,False,True,True,False,False,0,0.005694629,0
0,0,0,0,21,1,1,99.85,1992.55,False,True,True,False,False,False,False,True,False,False,False,False,False,True,False,True,False,False,True,False,False,0,0.5968118,1
0,0,0,0,21,1,1,99.15,1956.4,False,False,True,False,False,False,False,True,False,False,False,True,False,True,False,True,False,False,False,False,False,0,0.49124548,1
1,0,0,1,19,1,1,24.1,439.2,False,True,False,True,True,False,True,False,True,False,True,False,True,False,True,False,False,False,True,False,False,0,0.11038705,0
0,0,1,1,61,1,0,19.75,1311.6,False,False,False,True,True,False,True,False,True,False,True,False,True,False,True,False,False,True,True,False,False,0,0.012012437,0
1,1,0,0,17,1,1,45.05,770.6,False,False,False,False,False,False,False,False,False,False,False,False,False,False,False,False,False,False,False,True,False,1,0.3460651,1
1,0,1,1,70,1,1,106.05,7554.05,False,True,True,False,False,True,False,True,False,False,False,False,False,True,False,True,False,False,False,True,False,0,0.35587102,1
0,1,1,0,72,1,1,114.85,8317.95,False,True,True,False,False,True,False,True,False,True,False,True,False,True,False,True,False,True,False,False,False,0,0.0137570575,0
1,0,0,0,49,0,1,30.2,1453.1,True,False,False,False,False,False,False,False,False,True,False,False,False,False,False,False,False,False,False,False,False,0,0.2044894,0
0,1,0,0,11,1,1,84.8,906.85,False,True,True,False,False,False,False,False,False,False,False,False,False,False,False,True,False,False,True,False,False,1,0.75094235,1
0,0,0,1,19,1,0,48.8,953.65,False,False,False,False,False,False,False,False,False,False,False,True,False,False,False,False,False,False,False,False,True,0,0.11020711,0
1,0,1,1,72,1,1,84.5,6130.85,False,True,True,False,False,False,False,False,False,False,False,False,False,False,False,True,False,True,True,False,False,0,0.010560091,0
0,0,1,1,8,1,0,19.5,159.35,False,False,False,True,True,False,True,False,True,False,True,False,True,False,True,False,False,True,False,False,False,0,0.017107137,0
1,0,0,1,15,1,1,91.0,1430.05,False,True,True,False,False,False,False,True,False,False,False,False,False,True,False,False,False,False,False,True,False,0,0.63216096,1
0,0,1,0,67,1,1,105.7,6816.95,False,True,True,False,False,False,False,True,False,True,False,False,False,True,False,True,True,False,False,False,False,0,0.26327196,1
0,0,1,0,26,0,0,35.4,978.6,True,False,False,False,False,True,False,False,False,True,False,False,False,False,False,False,True,False,True,False,False,0,0.060838662,0
1,1,0,0,2,1,1,74.85,156.4,False,True,True,False,False,False,False,False,False,False,False,False,False,False,False,False,False,False,False,False,True,1,0.7164861,1
0,0,1,0,21,0,0,28.5,629.35,True,False,False,False,False,True,False,False,False,False,False,False,False,False,False,False,False,False,False,True,False,0,0.28418678,1
0,0,1,0,49,1,1,20.05,923.1,False,False,False,True,True,False,True,False,True,False,True,False,True,False,True,False,True,False,False,False,False,0,0.023214336,0
1,0,1,1,21,1,0,19.8,350.1,False,False,False,True,True,False,True,False,True,False,True,False,True,False,True,False,True,False,False,False,True,0,0.035216562,0
0,0,1,0,51,1,0,69.15,3649.6,False,False,True,False,False,False,False,False,False,False,False,False,False,False,False,False,False,False,False,False,True,0,0.16899332,0
1,1,1,0,16,1,1,54.55,825.1,False,False,False,False,False,True,False,True,False,False,False,False,False,False,False,False,False,False,False,False,False,0,0.2351083,0
0,0,0,0,22,1,0,89.25,1907.85,False,False,True,False,False,False,False,False,False,False,False,False,False,True,False,True,False,False,False,True,False,1,0.41499025,1
1,0,1,0,13,1,1,102.25,1359.0,False,True,True,False,False,False,False,False,False,True,False,False,False,True,False,True,False,False,True,False,False,1,0.7179084,1
0,0,0,1,43,1,1,25.1,1070.15,False,True,False,True,True,False,True,False,True,False,True,False,True,False,True,False,False,True,False,True,False,0,0.028742474,0
0,0,0,0,3,1,1,89.45,240.45,False,False,True,False,False,False,False,False,False,False,False,False,False,True,False,True,False,False,False,True,False,1,0.7339696,1
1,1,0,0,54,1,1,90.05,4931.8,False,True,True,False,False,False,False,True,False,False,False,False,False,False,False,True,False,False,False,True,False,0,0.41323632,1
1,0,0,1,1,0,0,24.2,24.2,True,False,False,False,False,False,False,False,False,False,False,False,False,False,False,False,False,False,False,False,True,0,0.5426878,1
1,0,1,1,69,1,1,20.55,1403.1,False,False,False,True,True,False,True,False,True,False,True,False,True,False,True,False,True,False,True,False,False,0,0.009326582,0
1,0,0,0,62,1,0,23.4,1429.65,False,True,False,True,True,False,True,False,True,False,True,False,True,False,True,False,False,True,False,False,False,0,0.009589111,0
0,0,0,0,2,1,1,90.4,168.2,False,False,True,False,False,False,False,False,False,False,False,False,False,True,False,True,False,False,False,True,False,1,0.76350373,1
0,1,1,1,62,1,1,96.1,6019.35,False,True,True,False,False,False,False,True,False,True,False,False,False,False,False,True,False,False,True,False,False,0,0.20597933,0
1,1,0,0,2,1,0,44.95,85.15,False,False,False,False,False,False,False,False,False,False,False,False,False,False,False,False,False,False,False,False,True,1,0.5125623,1
1,0,1,1,69,1,0,19.9,1356.7,False,False,False,True,True,False,True,False,True,False,True,False,True,False,True,False,False,True,False,False,False,0,0.0055811824,0
0,0,0,0,1,1,1,74.5,74.5,False,True,True,False,False,False,False,False,False,False,False,False,False,False,False,False,False,False,False,True,False,1,0.8583164,1
1,0,0,0,31,1,1,55.25,1715.65,False,False,False,False,False,False,False,False,False,True,False,True,False,False,False,False,False,False,False,True,False,1,0.15403526,0
1,1,0,0,69,1,0,20.3,1356.3,False,False,False,True,True,False,True,False,True,False,True,False,True,False,True,False,False,True,True,False,False,0,0.014407239,0
1,0,1,0,2,1,1,91.45,171.45,False,True,True,False,False,False,False,False,False,True,False,False,False,True,False,False,False,False,False,True,False,0,0.85368454,1
0,0,0,0,33,1,1,70.4,2406.1,False,False,True,False,False,False,False,False,False,False,False,False,False,False,False,False,False,False,False,False,False,0,0.35714114,1
0,0,1,0,3,1,1,19.6,55.25,False,False,False,True,True,False,True,False,True,False,True,False,True,False,True,False,False,False,False,False,True,0,0.18425071,0
1,0,0,0,44,1,0,65.4,2774.55,False,False,False,False,False,True,False,False,False,False,False,True,False,True,False,False,True,False,False,True,False,0,0.06808004,0
1,0,0,0,10,1,1,110.1,1043.3,False,False,True,False,False,True,False,True,False,True,False,True,False,True,False,True,False,False,False,True,False,1,0.7861551,1
0,0,0,0,8,1,1,75.25,576.7,False,True,True,False,False,False,False,False,False,False,False,False,False,False,False,False,False,False,False,True,False,0,0.7209745,1
1,0,0,0,8,1,1,66.65,520.95,False,False,False,False,False,False,False,True,False,False,False,True,False,True,False,False,False,False,False,True,False,0,0.21580692,0
0,0,1,1,69,1,1,20.35,1442.65,False,False,False,True,True,False,True,False,True,False,True,False,True,False,True,False,True,False,True,False,False,0,0.011823362,0
0,0,0,0,23,1,0,75.6,1758.6,False,True,True,False,False,False,False,False,False,False,False,False,False,False,False,False,False,False,False,False,False,1,0.26671845,1
1,0,0,0,66,1,0,25.1,1697.7,False,True,False,True,True,False,True,False,True,False,True,False,True,False,True,False,False,True,False,False,True,0,0.006934749,0
0,0,1,1,1,1,1,102.45,102.45,False,True,True,False,False,True,False,False,False,True,False,False,False,True,False,True,False,False,False,True,False,1,0.7916748,1
0,0,0,0,3,1,0,19.95,58.0,False,False,False,True,True,False,True,False,True,False,True,False,True,False,True,False,False,False,False,False,True,0,0.13649985,0
0,0,0,1,5,1,1,51.0,286.8,False,False,False,False,False,False,False,False,False,False,False,True,False,False,False,False,False,False,False,False,True,0,0.383837,1
0,0,0,1,1,1,0,51.2,51.2,False,False,False,False,False,True,False,False,False,False,False,False,False,False,False,False,False,False,False,False,True,0,0.3899583,1
0,0,0,0,9,1,1,77.65,714.15,False,False,True,False,False,False,False,False,False,False,False,False,False,True,False,False,False,False,False,False,False,1,0.54466337,1
1,0,1,1,36,1,1,63.7,2188.5,False,False,False,False,False,True,False,False,False,True,False,False,False,False,False,True,True,False,True,False,False,0,0.110112995,0
1,0,1,1,68,1,1,85.5,5696.6,False,True,True,False,False,True,False,True,False,False,False,False,False,False,False,False,True,False,False,False,False,0,0.06490918,0
0,0,1,1,35,0,0,40.9,1383.6,True,False,False,False,False,False,False,False,False,False,False,True,False,True,False,False,True,False,False,False,True,0,0.02935245,0
1,0,1,1,60,1,0,20.55,1205.05,False,False,False,True,True,False,True,False,True,False,True,False,True,False,True,False,False,True,False,False,True,0,0.01353129,0
0,0,1,1,72,1,0,74.55,5430.65,False,True,False,False,False,True,False,True,False,False,False,True,False,True,False,False,False,True,False,False,True,0,0.002804964,0
1,0,0,0,45,1,1,20.4,930.45,False,False,False,True,True,False,True,False,True,False,True,False,True,False,True,False,True,False,False,True,False,1,0.03618037,0
1,0,1,1,37,1,0,91.2,3247.55,False,False,True,False,False,False,False,False,False,False,False,False,False,True,False,True,True,False,True,False,False,0,0.17143874,0
0,0,1,1,7,1,0,50.7,350.35,False,False,False,False,False,True,False,False,False,False,False,False,False,False,False,False,False,False,False,False,True,0,0.17044646,0
0,0,0,0,4,1,0,50.7,151.3,False,False,False,False,False,False,False,True,False,False,False,False,False,False,False,False,False,False,True,False,False,1,0.26241073,1
0,0,0,0,1,1,1,54.9,54.9,False,False,False,False,False,True,False,True,False,False,False,False,False,False,False,False,False,False,False,True,False,1,0.56272125,1
0,0,0,0,4,1,1,60.4,272.15,False,False,False,False,False,True,False,True,False,False,False,True,False,False,False,False,False,False,False,False,True,1,0.251471,1
1,0,1,0,18,1,1,49.55,878.35,False,False,False,False,False,False,False,False,False,True,False,False,False,False,False,False,False,False,False,False,True,1,0.21075252,0
0,0,0,0,12,1,0,74.05,872.65,False,True,False,False,False,False,False,False,False,False,False,True,False,True,False,True,True,False,False,False,True,1,0.14379175,0
0,0,1,1,1,1,1,80.05,80.05,False,False,True,False,False,False,False,False,False,False,False,False,False,True,False,False,False,False,False,False,True,1,0.7970798,1
1,0,1,1,72,1,0,25.0,1738.9,False,True,False,True,True,False,True,False,True,False,True,False,True,False,True,False,False,True,False,False,False,0,0.0030990383,0
1,0,1,0,42,1,0,20.25,835.5,False,False,False,True,True,False,True,False,True,False,True,False,True,False,True,False,False,True,False,True,False,0,0.019449534,0
1,1,0,0,24,1,1,76.1,1712.7,False,True,True,False,False,False,False,False,False,False,False,False,False,False,False,False,False,False,False,True,False,1,0.51193595,1
1,0,1,1,26,1,0,78.95,2034.25,False,False,True,False,False,False,False,False,False,False,False,False,False,False,False,True,True,False,False,False,False,0,0.1344732,0
0,0,1,1,68,1,1,73.0,5163.0,False,True,False,False,False,True,False,True,False,True,False,False,False,True,False,False,True,False,True,False,False,0,0.07940919,0
0,0,0,0,17,1,0,19.9,323.15,False,False,False,True,True,False,True,False,True,False,True,False,True,False,True,False,True,False,False,False,False,0,0.029018052,0
1,0,1,1,59,1,1,111.1,6555.2,False,True,True,False,False,True,False,True,False,False,False,True,False,True,False,True,False,True,False,False,True,0,0.057444826,0
1,0,1,1,13,1,1,74.4,896.75,False,True,True,False,False,False,False,False,False,False,False,False,False,False,False,False,False,False,True,False,False,1,0.5521187,1
0,0,0,0,2,1,1,20.45,42.45,False,False,False,True,True,False,True,False,True,False,True,False,True,False,True,False,False,False,False,False,True,0,0.17342758,0
0,0,1,0,67,1,0,19.65,1335.2,False,False,False,True,True,False,True,False,True,False,True,False,True,False,True,False,False,True,False,False,True,0,0.0075452095,0
0,0,0,0,17,1,0,20.05,337.9,False,False,False,True,True,False,True,False,True,False,True,False,True,False,True,False,True,False,True,False,False,0,0.02821872,0
1,0,1,0,71,1,1,80.1,5585.4,False,True,False,False,False,True,False,True,False,True,False,True,False,False,False,True,False,True,False,False,True,0,0.0032275121,0
0,0,1,1,17,1,0,98.6,1704.95,False,False,True,False,False,False,False,False,False,True,False,True,False,True,False,True,True,False,False,False,False,1,0.19595213,0
1,0,0,0,1,1,1,89.55,89.55,False,False,True,False,False,False,False,False,False,False,False,False,False,True,False,True,False,False,False,True,False,1,0.87654,1
0,0,1,1,6,1,0,19.7,94.45,False,False,False,True,True,False,True,False,True,False,True,False,True,False,True,False,True,False,False,False,True,0,0.036643375,0
1,0,1,0,61,1,1,114.1,7132.15,False,True,True,False,False,False,False,True,False,True,False,True,False,True,False,True,False,False,False,True,False,0,0.30040658,1
0,0,0,0,6,1,1,73.85,401.3,False,True,True,False,False,False,False,False,False,False,False,False,False,False,False,False,False,False,False,False,True,0,0.6542598,1
0,1,0,0,1,0,0,25.05,25.05,True,False,False,False,False,False,False,False,False,False,False,False,False,False,False,False,False,False,False,False,True,1,0.675739,1
0,0,1,1,21,1,1,102.8,2110.15,False,False,True,False,False,False,False,True,False,True,False,True,False,True,False,True,False,False,False,True,False,1,0.49217957,1
0,0,1,0,60,1,1,110.8,6640.7,False,True,True,False,False,False,False,True,False,True,False,True,False,True,False,True,False,True,True,False,False,0,0.07205194,0
0,1,0,0,20,1,1,85.8,1727.5,False,True,True,False,False,False,False,False,False,False,False,False,False,False,False,True,False,False,True,False,False,1,0.4517161,1
1,0,1,0,22,1,0,95.9,2234.95,False,True,True,False,False,True,False,False,False,False,False,True,False,True,False,False,False,False,True,False,False,0,0.3879975,1
0,0,0,0,40,1,1,20.6,827.3,False,False,False,True,True,False,True,False,True,False,True,False,True,False,True,False,False,True,False,False,False,0,0.010625178,0
1,0,0,0,23,1,1,74.95,1710.45,False,True,True,False,False,False,False,False,False,False,False,False,False,False,False,False,False,False,False,True,False,1,0.50118506,1
0,0,0,1,1,1,0,45.95,45.95,False,False,False,False,False,False,False,False,False,False,False,False,False,False,False,False,False,False,False,False,True,1,0.48847038,1
1,0,0,0,46,0,0,38.25,1755.35,True,False,False,False,False,True,False,False,False,True,False,True,False,False,False,False,False,True,False,False,True,0,0.009365481,0
0,0,1,1,5,1,0,69.95,320.4,False,False,True,False,False,False,False,False,False,False,False,False,False,False,False,False,False,False,True,False,False,0,0.47290486,1
1,1,0,0,68,1,1,20.0,1396.0,False,False,False,True,True,False,True,False,True,False,True,False,True,False,True,False,False,True,True,False,False,0,0.012184125,0
0,1,0,0,1,0,1,25.2,25.2,True,False,False,False,False,False,False,False,False,False,False,False,False,False,False,False,False,False,False,True,False,1,0.8017938,1
0,0,1,0,2,1,0,20.1,43.15,False,False,False,True,True,False,True,False,True,False,True,False,True,False,True,False,False,False,False,False,False,0,0.1577042,0
0,1,0,0,14,1,1,104.85,1531.4,False,True,True,False,False,False,False,True,False,True,False,False,False,True,False,True,False,False,False,True,False,1,0.69905275,1
1,0,0,0,10,1,1,70.0,740.0,False,False,True,False,False,False,False,False,False,False,False,False,False,False,False,False,False,False,False,True,False,1,0.54213756,1
1,0,0,1,13,1,1,78.3,1033.95,False,False,True,False,False,False,False,False,False,False,False,False,False,True,False,False,False,False,True,False,False,0,0.51506865,1
0,0,0,0,34,1,1,109.8,3587.25,False,True,True,False,False,True,False,True,False,True,False,False,False,True,False,True,False,False,False,False,True,1,0.23908879,0
1,0,1,1,18,1,0,57.45,990.85,False,False,False,False,False,False,False,False,False,True,False,False,False,False,False,True,False,False,False,True,False,1,0.21464029,0
1,0,1,1,71,1,0,19.7,1301.1,False,False,False,True,True,False,True,False,True,False,True,False,True,False,True,False,False,True,True,False,False,0,0.004184012,0
0,0,1,0,70,1,1,110.5,7752.05,False,True,True,False,False,False,False,True,False,True,False,True,False,True,False,True,False,True,False,True,False,0,0.13598137,0
0,0,1,0,52,1,1,64.3,3410.6,False,False,False,False,False,True,False,False,False,True,False,False,False,True,False,False,True,False,False,False,True,0,0.030464426,0
1,0,1,1,68,1,1,105.25,7173.15,False,False,True,False,False,True,False,True,False,True,False,False,False,True,False,True,False,True,False,False,False,0,0.08512413,0
1,0,1,1,38,1,0,19.6,717.3,False,False,False,True,True,False,True,False,True,False,True,False,True,False,True,False,False,False,False,True,False,0,0.06750488,0
0,0,1,1,58,1,1,24.5,1497.9,False,True,False,True,True,False,True,False,True,False,True,False,True,False,True,False,True,False,True,False,False,0,0.024620822,0
1,0,0,0,3,1,0,90.7,237.65,False,False,True,False,False,False,False,False,False,False,False,False,False,True,False,True,False,False,False,False,True,0,0.6452696,1
1,0,1,0,14,1,0,48.8,664.4,False,False,False,False,False,False,False,False,False,False,False,True,False,False,False,False,False,False,False,False,False,0,0.19606952,0
1,0,0,0,2,0,1,24.9,49.7,True,False,False,False,False,False,False,False,False,False,False,False,False,False,False,False,False,False,True,False,False,0,0.4985833,1
0,0,1,0,1,0,1,24.8,24.8,True,False,False,False,False,False,False,False,False,False,False,False,False,False,False,False,False,False,False,True,False,1,0.6762714,1
0,1,0,0,72,1,1,107.4,7748.75,False,True,True,False,False,True,False,True,False,True,False,True,False,False,False,True,False,True,False,False,False,0,0.01134853,0
1,0,0,0,3,1,1,43.3,123.65,False,False,False,False,False,False,False,False,False,False,False,False,False,False,False,False,False,False,False,True,False,1,0.5031608,1
0,0,0,0,13,1,1,80.0,1029.35,False,True,True,False,False,True,False,False,False,False,False,False,False,False,False,False,False,False,True,False,False,0,0.4967996,1
1,1,1,1,72,1,1,104.1,7447.7,False,False,True,False,False,True,False,False,False,True,False,True,False,True,False,True,False,True,True,False,False,0,0.039146785,0
1,0,1,0,58,1,0,20.75,1185.95,False,False,False,True,True,False,True,False,True,False,True,False,True,False,True,False,False,True,False,False,True,0,0.036980715,0
1,1,1,0,71,1,1,95.5,6707.15,False,False,True,False,False,False,False,True,False,True,False,True,False,False,False,True,False,True,True,False,False,0,0.016326293,0
0,0,0,0,1,1,0,76.35,76.35,False,False,True,False,False,False,False,False,False,True,False,False,False,False,False,False,False,False,False,True,False,1,0.8321536,1
0,0,1,1,54,1,0,91.3,4965.0,False,True,False,False,False,True,False,True,False,True,False,True,False,True,False,True,False,True,True,False,False,0,0.02378796,0
1,0,0,1,39,0,0,45.05,1790.6,True,False,False,False,False,True,False,False,False,False,False,True,False,True,False,False,True,False,False,False,False,0,0.023453247,0
0,0,0,0,1,1,1,70.6,70.6,False,False,True,False,False,False,False,False,False,False,False,False,False,False,False,False,False,False,False,True,False,1,0.8132962,1
1,0,1,0,61,1,1,80.8,4860.85,False,True,False,False,False,True,False,True,False,True,False,True,False,False,False,True,False,True,False,False,False,0,0.012200458,0
0,0,1,1,25,1,1,89.15,2257.75,False,False,True,False,False,False,False,True,False,True,False,False,False,True,False,False,False,False,False,False,False,1,0.33997858,1
0,0,0,0,37,1,0,91.2,3382.3,False,True,True,False,False,True,False,True,False,True,False,False,False,False,False,False,False,False,False,False,False,0,0.16106963,0
0,1,0,0,26,1,1,91.25,2351.8,False,False,True,False,False,False,False,False,False,False,False,False,False,True,False,True,False,False,False,True,False,1,0.587796,1
1,0,0,0,10,1,0,19.75,208.25,False,False,False,True,True,False,True,False,True,False,True,False,True,False,True,False,False,False,True,False,False,0,0.090781175,0
0,0,0,0,1,1,0,20.4,20.4,False,False,False,True,True,False,True,False,True,False,True,False,True,False,True,False,False,False,False,False,True,1,0.3016201,1
0,1,1,0,24,0,1,40.65,933.3,True,False,False,False,False,False,False,False,False,True,False,False,False,False,False,True,False,False,True,False,False,1,0.34124464,1
1,1,0,0,65,1,1,110.35,7246.15,False,True,True,False,False,True,False,False,False,True,False,True,False,True,False,True,False,True,False,True,False,0,0.27351946,1
1,0,0,0,23,1,1,64.9,1509.8,False,False,False,False,False,False,False,False,False,False,False,False,False,True,False,True,True,False,False,False,False,0,0.14608021,0
1,0,0,0,49,1,1,66.15,3199.0,False,True,False,False,False,False,False,False,False,False,False,True,False,True,False,False,False,True,False,False,False,0,0.02400122,0
0,1,0,0,42,1,0,55.65,2421.75,False,True,False,False,False,False,False,False,False,True,False,False,False,False,False,False,False,False,False,True,False,0,0.15284362,0
0,0,0,0,8,1,0,20.85,161.65,False,False,False,True,True,False,True,False,True,False,True,False,True,False,True,False,False,True,False,False,True,0,0.019692644,0
0,0,0,0,28,1,0,54.65,1517.5,False,False,False,False,False,False,False,True,False,False,False,True,False,False,False,False,False,False,False,False,False,0,0.099891216,0
1,0,0,0,71,1,0,80.6,5708.2,False,True,False,False,False,True,False,True,False,True,False,True,False,False,False,True,False,True,False,False,False,0,0.0040248646,0
1,0,1,1,69,1,1,99.45,7007.6,False,True,True,False,False,False,False,False,False,True,False,False,False,True,False,True,False,False,True,False,False,1,0.5231059,1
1,0,1,1,68,1,1,114.7,7849.85,False,True,True,False,False,True,False,True,False,True,False,True,False,True,False,True,False,True,False,False,False,0,0.101882085,0
0,0,1,0,64,1,1,105.4,6794.75,False,True,True,False,False,False,False,True,False,False,False,True,False,True,False,True,False,True,False,False,False,0,0.05669635,0
0,1,0,0,3,1,0,75.05,202.9,False,False,True,False,False,False,False,False,False,True,False,False,False,False,False,False,False,False,False,False,True,0,0.60421324,1
0,0,1,1,66,1,1,49.4,3251.85,False,False,False,False,False,False,False,False,False,False,False,True,False,False,False,False,True,False,True,False,False,0,0.02218596,0
1,0,0,0,28,1,0,18.25,534.7,False,False,False,True,True,False,True,False,True,False,True,False,True,False,True,False,True,False,True,False,False,0,0.005933476,0
1,0,1,0,67,1,1,111.05,7321.05,False,False,True,False,False,True,False,True,False,True,False,True,False,True,False,True,False,True,False,True,False,0,0.11909722,0
1,0,1,0,46,1,0,19.6,851.2,False,False,False,True,True,False,True,False,True,False,True,False,True,False,True,False,False,False,False,True,False,0,0.06962512,0
1,0,1,0,55,1,1,96.75,5238.9,False,True,True,False,False,True,False,True,False,False,False,False,False,True,False,False,False,False,False,True,False,1,0.35956004,1
1,0,0,0,22,1,1,69.7,1490.4,False,False,True,False,False,False,False,False,False,False,False,False,False,False,False,False,False,False,False,False,True,0,0.29315913,1
1,0,1,1,18,1,1,87.9,1500.5,False,False,True,False,False,True,False,False,False,True,False,False,False,True,False,False,False,False,False,False,True,0,0.3088897,1
1,0,1,0,46,0,0,40.4,1842.7,True,False,False,False,False,True,False,False,False,True,False,True,False,False,False,False,False,True,True,False,False,0,0.017386863,0
0,0,1,0,10,1,1,78.15,765.15,False,True,True,False,False,True,False,False,False,False,False,False,False,False,False,False,False,False,True,False,False,0,0.474787,1
1,0,1,0,72,1,1,99.4,7285.7,False,True,True,False,False,False,False,True,False,False,False,False,False,True,False,True,False,True,False,True,False,0,0.09980081,0
1,0,0,0,16,1,0,55.3,875.35,False,True,False,False,False,False,False,True,False,False,False,False,False,False,False,False,False,False,False,True,False,0,0.43899885,1
1,1,0,0,3,1,1,77.0,237.75,False,True,True,False,False,False,False,False,False,False,False,False,False,False,False,False,False,False,False,True,False,1,0.77223885,1
1,0,1,1,21,0,1,26.05,565.75,True,False,False,False,False,False,False,False,False,False,False,False,False,False,False,False,False,False,False,True,False,0,0.3630141,1
1,0,0,0,5,1,0,78.75,426.35,False,False,True,False,False,False,False,False,False,False,False,False,False,False,False,True,False,False,False,False,True,0,0.54306555,1
0,0,0,0,1,0,0,29.95,29.95,True,False,False,False,False,False,False,True,False,False,False,False,False,False,False,False,False,False,False,False,False,1,0.4438418,1
0,0,0,0,1,1,1,45.4,45.4,False,False,False,False,False,False,False,False,False,False,False,False,False,False,False,False,False,False,False,False,True,1,0.54382676,1
1,1,1,0,36,1,1,85.25,3132.75,False,True,True,False,False,False,False,False,False,False,False,False,False,False,False,True,False,False,True,False,False,1,0.48298448,1
1,0,1,0,64,1,1,104.05,6605.55,False,False,True,False,False,True,False,True,False,False,False,True,False,True,False,True,False,True,True,False,False,0,0.07115903,0
1,1,1,0,30,1,0,74.85,2181.75,False,True,False,False,False,False,False,False,False,True,False,False,False,True,False,True,False,True,False,True,False,0,0.07706401,0
0,0,1,1,72,1,0,19.55,1463.45,False,False,False,True,True,False,True,False,True,False,True,False,True,False,True,False,False,True,False,False,False,0,0.004403912,0
1,0,1,1,46,1,1,20.1,936.85,False,False,False,True,True,False,True,False,True,False,True,False,True,False,True,False,False,True,False,False,True,0,0.009519608,0
0,0,1,0,45,1,1,95.2,4285.8,False,False,True,False,False,False,False,False,False,False,False,True,False,True,False,True,False,True,True,False,False,0,0.036714148,0
0,0,0,0,2,1,0,20.65,38.7,False,False,False,True,True,False,True,False,True,False,True,False,True,False,True,False,False,False,False,False,True,1,0.13749996,0
0,0,0,0,34,1,0,55.0,1885.15,False,False,False,False,False,True,False,True,False,False,False,False,False,False,False,False,True,False,False,False,True,0,0.04641675,0
0,0,1,0,54,1,0,106.55,5763.3,False,True,True,False,False,True,False,True,False,False,False,False,False,True,False,True,True,False,False,False,False,1,0.12670495,0
1,0,0,0,21,1,1,19.95,416.4,False,False,False,True,True,False,True,False,True,False,True,False,True,False,True,False,False,False,False,False,True,0,0.08351784,0
1,0,1,0,65,1,0,76.15,4929.55,False,True,False,False,False,True,False,False,False,True,False,True,False,False,False,True,False,True,False,False,False,0,0.02266573,0
0,0,1,0,20,1,1,69.8,1540.35,False,False,True,False,False,False,False,False,False,False,False,False,False,False,False,False,False,False,False,False,False,0,0.28941345,1
1,0,0,0,1,1,1,79.5,79.5,False,False,True,False,False,False,False,False,False,False,False,False,False,True,False,False,False,False,False,True,False,1,0.8801861,1
1,0,1,1,42,1,1,69.4,3058.3,False,True,False,False,False,True,False,True,False,False,False,False,False,True,False,False,False,False,False,False,False,0,0.11037365,0
1,0,0,0,1,1,0,19.4,19.4,False,False,False,True,True,False,True,False,True,False,True,False,True,False,True,False,False,False,False,False,True,1,0.30040258,1
0,0,1,0,20,1,1,96.55,1901.65,False,False,True,False,False,True,False,True,False,False,False,True,False,True,False,False,False,False,False,True,False,0,0.5466841,1
1,0,0,0,11,1,0,70.2,760.05,False,False,True,False,False,False,False,False,False,False,False,False,False,False,False,False,False,False,False,True,False,0,0.42904395,1
0,0,1,0,61,1,0,25.3,1554.9,False,True,False,True,True,False,True,False,True,False,True,False,True,False,True,False,False,True,False,False,False,0,0.010533971,0
0,0,1,0,64,1,0,25.0,1584.8,False,True,False,True,True,False,True,False,True,False,True,False,True,False,True,False,False,True,True,False,False,0,0.010158043,0
0,1,1,0,25,1,0,88.4,2191.15,False,False,True,False,False,False,False,True,False,True,False,False,False,False,False,True,False,False,False,False,False,0,0.3464495,1
0,0,0,0,44,1,1,50.15,2139.1,False,True,False,False,False,False,False,False,False,False,False,False,False,False,False,False,False,False,False,False,True,0,0.14018814,0
0,0,1,0,5,1,0,69.95,330.15,False,False,True,False,False,False,False,False,False,False,False,False,False,False,False,False,False,False,False,True,False,1,0.47881123,1
0,1,1,1,48,0,0,29.9,1388.75,True,False,False,False,False,False,False,True,False,False,False,False,False,False,False,False,True,False,False,False,False,0,0.0892151,0
1,0,0,0,6,1,1,74.9,469.8,False,True,True,False,False,False,False,False,False,False,False,False,False,False,False,False,False,False,False,True,False,1,0.73247594,1
1,0,1,0,4,1,0,50.05,179.35,False,False,False,False,False,False,False,False,False,False,False,True,False,False,False,False,False,False,False,False,True,1,0.24789067,0
1,0,1,1,72,1,0,19.95,1322.85,False,False,False,True,True,False,True,False,True,False,True,False,True,False,True,False,False,True,False,False,False,0,0.0029506835,0
1,0,0,0,54,1,0,89.4,4869.5,False,True,True,False,False,False,False,False,False,True,False,False,False,False,False,True,False,False,True,False,False,0,0.24781285,0
0,0,1,1,66,1,1,67.45,4508.65,False,True,False,False,False,True,False,True,False,True,False,False,False,False,False,False,False,False,False,False,False,0,0.04747884,0
1,0,0,0,3,1,1,49.9,130.1,False,False,False,False,False,False,False,True,False,False,False,False,False,False,False,False,False,False,False,False,True,1,0.42444703,1
1,0,0,0,19,1,1,65.35,1231.85,False,False,False,False,False,False,False,True,False,False,False,True,False,False,False,True,True,False,False,False,False,0,0.1131786,0
1,0,1,1,61,1,1,81.0,4976.15,False,True,False,False,False,False,False,False,False,True,False,True,False,True,False,True,False,True,False,False,False,0,0.020726824,0
1,0,0,0,54,1,0,89.8,4667.0,False,False,True,False,False,True,False,False,False,True,False,False,False,True,False,False,False,False,False,False,True,0,0.16648902,0
0,0,0,0,1,1,0,49.95,49.95,False,False,False,False,False,False,False,True,False,False,False,False,False,False,False,False,False,False,False,True,False,0,0.51583576,1
1,1,0,0,19,1,1,79.85,1471.75,False,True,True,False,False,False,False,False,False,True,False,False,False,False,False,False,False,False,False,True,False,1,0.5671835,1
1,0,1,0,24,1,0,19.75,483.15,False,False,False,True,True,False,True,False,True,False,True,False,True,False,True,False,False,True,False,False,True,0,0.018097984,0
0,1,0,1,33,1,1,105.35,3465.05,False,True,True,False,False,False,False,True,False,True,False,False,False,True,False,True,False,False,False,False,False,0,0.38035908,1
0,0,1,0,31,1,1,83.85,2674.15,False,False,True,False,False,False,False,True,False,False,False,False,False,False,False,True,False,False,False,False,False,0,0.42026362,1
1,0,1,0,59,0,1,44.3,2666.75,True,False,False,False,False,False,False,False,False,False,False,False,False,True,False,True,False,False,False,True,False,0,0.42568144,1
0,1,1,0,20,1,1,91.0,1859.5,False,False,True,False,False,False,False,False,False,False,False,False,False,True,False,True,True,False,False,False,False,0,0.2839566,1
1,1,1,0,60,1,1,99.0,6017.9,False,True,True,False,False,False,False,False,False,False,False,True,False,True,False,True,False,False,False,True,False,0,0.34952003,1
1,0,0,1,18,1,1,80.55,1406.65,False,True,True,False,False,False,False,False,False,True,False,False,False,False,False,False,False,False,True,False,False,0,0.356689,1
0,0,0,1,19,1,1,60.6,1297.8,False,False,False,False,False,True,False,True,False,True,False,False,False,False,False,False,False,False,False,True,False,0,0.2358492,0
0,0,1,1,24,1,0,19.7,452.55,False,False,False,True,True,False,True,False,True,False,True,False,True,False,True,False,False,True,False,False,True,0,0.013544898,0
0,0,1,1,9,1,0,20.25,172.35,False,False,False,True,True,False,True,False,True,False,True,False,True,False,True,False,True,False,False,False,True,0,0.03303914,0
0,0,1,1,33,1,0,24.25,838.5,False,True,False,True,True,False,True,False,True,False,True,False,True,False,True,False,False,False,False,False,False,0,0.055925477,0
0,0,0,0,2,1,0,19.4,61.05,False,False,False,True,True,False,True,False,True,False,True,False,True,False,True,False,False,False,False,False,True,0,0.19408897,0
1,0,1,0,67,1,1,93.15,6368.2,False,True,True,False,False,False,False,True,False,True,False,False,False,False,False,True,False,True,False,True,False,0,0.07835578,0
0,0,0,0,52,1,1,49.75,2535.55,False,False,False,False,False,True,False,False,False,False,False,False,False,False,False,False,False,False,False,False,False,0,0.09526304,0
0,0,0,0,5,1,1,19.65,92.05,False,False,False,True,True,False,True,False,True,False,True,False,True,False,True,False,False,False,True,False,False,0,0.1496127,0
0,0,1,1,1,1,1,19.4,19.4,False,False,False,True,True,False,True,False,True,False,True,False,True,False,True,False,False,False,False,False,True,0,0.39566493,1
1,0,0,0,67,1,1,19.8,1311.3,False,False,False,True,True,False,True,False,True,False,True,False,True,False,True,False,False,True,False,False,True,0,0.008671788,0
0,0,0,0,63,1,0,99.9,6137.0,False,True,True,False,False,False,False,True,False,False,False,False,False,True,False,True,True,False,False,False,False,1,0.1623889,0
1,1,0,0,2,1,0,49.95,107.1,False,False,False,False,False,False,False,False,False,True,False,False,False,False,False,False,False,False,False,False,True,0,0.5349012,1
1,1,1,0,25,1,1,89.05,2177.45,False,True,True,False,False,True,False,False,False,False,False,False,False,False,False,True,True,False,False,True,False,1,0.28180876,1
1,0,0,0,19,1,1,19.95,373.5,False,False,False,True,True,False,True,False,True,False,True,False,True,False,True,False,False,True,False,False,True,0,0.016555863,0
1,0,0,1,62,1,0,56.15,3487.95,False,False,False,False,False,True,False,True,False,False,False,False,False,False,False,False,True,False,False,False,False,0,0.024567895,0
1,1,0,0,23,0,1,34.65,768.45,True,False,False,False,False,False,False,False,False,False,False,False,False,False,False,True,False,False,False,False,False,0,0.37455502,1
1,0,1,0,70,1,0,64.95,4523.25,False,False,False,False,False,True,False,True,False,True,False,True,False,False,False,False,False,True,True,False,False,0,0.011483413,0
1,0,0,0,29,1,1,94.2,2607.6,False,False,True,False,False,False,False,False,False,False,False,True,False,True,False,True,False,False,False,True,False,0,0.35865957,1
1,0,1,0,32,1,1,78.9,2447.95,False,True,True,False,False,False,False,False,False,True,False,False,False,False,False,False,False,False,False,True,False,1,0.49909374,1
0,0,0,0,31,1,0,65.25,1994.3,False,True,False,False,False,True,False,False,False,True,False,True,False,False,False,False,False,False,True,False,False,1,0.06318296,0
0,0,0,0,59,1,0,95.8,5655.45,False,False,True,False,False,False,False,False,False,True,False,False,False,True,False,True,False,True,False,True,False,0,0.12073022,0
1,0,0,0,32,1,1,64.85,2010.95,False,False,False,False,False,False,False,False,False,False,False,False,False,True,False,True,True,False,False,False,False,0,0.12355758,0
1,0,1,0,17,0,1,49.8,836.35,True,False,False,False,False,False,False,True,False,False,False,False,False,True,False,True,False,False,False,False,True,0,0.455462,1
1,0,0,0,26,1,0,20.9,518.3,False,False,False,True,True,False,True,False,True,False,True,False,True,False,True,False,False,False,False,False,True,0,0.065432124,0
1,0,0,0,12,1,0,94.55,1173.55,False,True,True,False,False,False,False,False,False,False,False,False,False,True,False,True,False,False,False,True,False,0,0.771561,1
1,0,1,1,61,1,1,98.45,6145.2,False,False,True,False,False,False,False,True,False,False,False,True,False,True,False,True,True,False,False,False,False,0,0.090996474,0
0,0,1,0,71,1,0,19.6,1416.5,False,False,False,True,True,False,True,False,True,False,True,False,True,False,True,False,False,True,False,False,True,0,0.006382433,0
0,0,0,0,9,1,1,20.45,147.55,False,False,False,True,True,False,True,False,True,False,True,False,True,False,True,False,False,False,True,False,False,0,0.09396832,0
1,1,1,0,24,1,1,104.25,2433.9,False,True,True,False,False,False,False,True,False,True,False,False,False,True,False,True,False,False,False,True,False,1,0.6818891,1
0,1,0,0,7,1,1,89.15,574.35,False,False,True,False,False,False,False,False,False,False,False,False,False,True,False,True,False,False,False,True,False,0,0.72484475,1
1,0,0,1,41,1,1,111.15,4507.15,False,False,True,False,False,True,False,True,False,True,False,True,False,True,False,True,False,True,False,True,False,0,0.080414556,0
1,0,1,1,20,1,1,90.2,1776.55,False,False,True,False,False,False,False,False,False,False,False,False,False,True,False,True,False,False,False,True,False,1,0.53570557,1
1,0,1,0,33,1,0,91.25,2964.05,False,False,True,False,False,False,False,False,False,False,False,False,False,True,False,True,False,False,False,True,False,0,0.3766438,1
1,0,0,0,56,1,1,81.8,4534.45,False,False,False,False,False,False,False,True,False,True,False,True,False,True,False,True,False,True,True,False,False,0,0.017402453,0
1,0,1,1,1,1,1,74.5,74.5,False,True,True,False,False,False,False,False,False,False,False,False,False,False,False,False,False,False,False,True,False,1,0.84868777,1
1,0,0,0,4,1,1,76.05,318.9,False,True,True,False,False,False,False,False,False,False,False,False,False,False,False,False,False,False,False,True,False,1,0.76475745,1
0,0,0,0,54,1,0,111.1,6014.85,False,True,True,False,False,False,False,True,False,True,False,True,False,True,False,True,False,False,False,True,False,1,0.30183503,1
0,0,1,1,8,1,1,68.55,564.35,False,False,False,False,False,False,False,False,False,False,False,True,False,True,False,True,False,False,False,True,False,0,0.32395256,1
1,0,1,0,58,0,1,45.0,2689.35,True,False,False,False,False,False,False,False,False,False,False,False,False,True,False,True,True,False,True,False,False,0,0.24021353,0
1,0,1,0,34,1,0,100.85,3527.3,False,True,True,False,False,False,False,False,False,True,False,False,False,True,False,True,False,False,False,True,False,0,0.48837647,1
0,1,0,0,2,0,1,30.4,78.65,True,False,False,False,False,False,False,False,False,True,False,False,False,False,False,False,False,False,False,True,False,1,0.7271646,1
1,0,0,1,25,1,1,95.9,2448.75,False,False,True,False,False,False,False,True,False,False,False,False,False,True,False,True,False,False,False,True,False,1,0.58494157,1
0,0,1,0,68,1,1,89.95,5974.3,False,True,True,False,False,False,False,False,False,True,False,False,False,True,False,False,False,True,False,False,False,0,0.0602219,0
0,0,1,0,71,1,1,105.15,7555.0,False,True,True,False,False,False,False,True,False,True,False,False,False,True,False,True,False,True,False,False,False,0,0.17644738,0
0,0,0,1,1,1,0,59.2,59.2,False,False,False,False,False,False,False,False,False,True,False,False,False,False,False,True,False,False,False,True,False,1,0.6313916,1
1,0,0,0,13,1,0,98.15,1230.25,False,True,True,False,False,True,False,False,False,False,False,False,False,True,False,True,False,False,False,False,True,1,0.6719376,1
1,0,1,1,5,1,1,84.5,453.75,False,True,True,False,False,True,False,False,False,True,False,False,False,False,False,False,False,False,False,True,False,1,0.63230366,1
0,0,0,0,22,1,0,20.85,450.65,False,False,False,True,True,False,True,False,True,False,True,False,True,False,True,False,True,False,False,False,False,0,0.03081266,0
0,0,1,1,10,1,0,26.1,225.55,False,True,False,True,True,False,True,False,True,False,True,False,True,False,True,False,False,True,True,False,False,0,0.022437941,0
1,1,1,0,55,1,1,74.0,4052.4,False,True,True,False,False,False,False,False,False,False,False,False,False,False,False,False,False,False,False,True,False,0,0.40194973,1
0,0,1,1,27,1,1,20.55,583.3,False,False,False,True,True,False,True,False,True,False,True,False,True,False,True,False,True,False,False,False,True,0,0.02150071,0
0,0,0,0,10,1,0,18.85,163.2,False,False,False,True,True,False,True,False,True,False,True,False,True,False,True,False,False,False,False,False,True,0,0.018673627,0
1,0,0,0,23,1,0,20.85,473.9,False,False,False,True,True,False,True,False,True,False,True,False,True,False,True,False,False,False,False,True,False,0,0.08393824,0
1,0,1,1,70,1,1,84.1,5979.7,False,True,False,False,False,False,False,True,False,True,False,True,False,True,False,True,False,True,False,True,False,0,0.05203131,0
0,0,0,1,5,1,0,46.0,221.7,False,False,False,False,False,False,False,False,False,False,False,False,False,False,False,False,False,False,False,False,True,1,0.28545377,1
0,0,0,0,24,1,1,19.55,470.2,False,False,False,True,True,False,True,False,True,False,True,False,True,False,True,False,False,True,False,False,False,0,0.017718248,0
0,0,0,0,8,1,1,20.2,140.95,False,False,False,True,True,False,True,False,True,False,True,False,True,False,True,False,True,False,False,False,False,0,0.04408965,0
1,0,1,0,19,1,1,88.8,1672.35,False,True,True,False,False,True,False,True,False,False,False,True,False,False,False,False,False,False,True,False,False,0,0.2777505,1
1,1,1,0,43,1,1,100.55,4304.0,False,False,True,False,False,False,False,True,False,True,False,False,False,True,False,True,True,False,False,False,False,0,0.29198322,1
1,1,0,0,67,1,1,101.4,6841.05,False,True,True,False,False,False,False,False,False,True,False,False,False,True,False,True,False,False,True,False,False,0,0.48162705,1
1,0,0,0,4,1,1,55.3,238.5,False,False,False,False,False,False,False,False,False,False,False,False,False,False,False,True,False,False,False,False,True,0,0.49413478,1
1,0,1,0,59,1,0,113.75,6561.25,False,True,True,False,False,True,False,True,False,True,False,True,False,True,False,True,False,True,False,True,False,0,0.09233985,0
1,0,1,0,72,1,0,25.4,1710.9,False,True,False,True,True,False,True,False,True,False,True,False,True,False,True,False,False,True,False,False,True,0,0.004235803,0
1,0,0,1,19,1,1,20.0,377.55,False,False,False,True,True,False,True,False,True,False,True,False,True,False,True,False,False,False,False,True,False,0,0.12182528,0
0,0,0,0,1,1,0,73.5,73.5,False,False,True,False,False,False,False,False,False,True,False,False,False,False,False,False,False,False,False,False,False,1,0.6886225,1
0,0,1,1,30,0,0,51.2,1561.5,True,False,False,False,False,False,False,False,False,False,False,True,False,True,False,True,False,False,True,False,False,1,0.08650801,0
0,0,1,0,2,1,1,74.4,139.4,False,False,True,False,False,True,False,False,False,False,False,False,False,False,False,False,False,False,False,True,False,1,0.52859175,1
1,0,1,1,60,1,1,65.85,3928.3,False,False,False,False,False,True,False,True,False,True,False,True,False,False,False,False,True,False,False,False,False,0,0.017208857,0
1,0,0,0,44,1,1,111.5,4915.15,False,True,True,False,False,True,False,True,False,True,False,False,False,True,False,True,False,False,False,True,False,0,0.34177014,1
0,0,0,0,1,1,1,48.6,48.6,False,False,False,False,False,False,False,True,False,False,False,False,False,False,False,False,False,False,False,True,False,0,0.6532944,1
1,0,1,0,3,0,1,29.9,92.25,True,False,False,False,False,False,False,False,False,False,False,True,False,False,False,False,False,False,False,True,False,0,0.4550021,1
1,1,1,0,71,1,0,24.85,1901.0,False,True,False,True,True,False,True,False,True,False,True,False,True,False,True,False,False,True,False,False,False,0,0.008472916,0
0,0,0,0,2,1,0,49.2,103.7,False,False,False,False,False,False,False,True,False,False,False,False,False,False,False,False,False,False,False,False,True,0,0.36379611,1
0,0,0,0,1,0,0,25.85,25.85,True,False,False,False,False,False,False,False,False,False,False,False,False,False,False,False,True,False,False,False,True,0,0.14828886,0
0,0,1,1,72,1,1,115.5,8425.15,False,True,True,False,False,True,False,True,False,True,False,True,False,True,False,True,False,True,False,True,False,0,0.010445756,0
0,0,0,0,6,1,1,85.95,514.6,False,False,True,False,False,False,False,True,False,False,False,False,False,False,False,True,False,False,False,False,True,0,0.71188176,1
0,0,0,0,1,1,1,85.55,85.55,False,False,True,False,False,False,False,False,False,True,False,False,False,True,False,False,False,False,True,False,False,1,0.8432347,1
1,1,0,0,20,1,0,89.95,1648.45,False,False,True,False,False,False,False,False,False,False,False,False,False,True,False,True,False,False,False,True,False,0,0.5042083,1
1,0,0,0,1,1,1,88.35,88.35,False,False,True,False,False,False,False,False,False,False,False,False,False,True,False,True,False,False,False,True,False,1,0.87812054,1
1,0,0,0,12,1,0,20.05,265.45,False,False,False,True,True,False,True,False,True,False,True,False,True,False,True,False,False,False,True,False,False,0,0.07141865,0
1,0,0,0,9,0,1,24.95,190.25,True,False,False,False,False,False,False,False,False,False,False,False,False,False,False,False,False,False,False,True,False,0,0.53740966,1
0,0,0,0,12,1,0,20.1,223.6,False,False,False,True,True,False,True,False,True,False,True,False,True,False,True,False,False,False,False,False,True,0,0.08911077,0
0,0,0,0,1,1,1,49.9,49.9,False,False,False,False,False,False,False,False,False,False,False,True,False,False,False,False,False,False,False,True,False,0,0.5208736,1
1,0,0,0,17,1,1,19.65,351.55,False,False,False,True,True,False,True,False,True,False,True,False,True,False,True,False,True,False,False,False,False,0,0.04213242,0
0,0,0,0,12,1,1,79.55,958.25,False,True,True,False,False,False,False,False,False,False,False,True,False,False,False,False,False,False,True,False,False,0,0.53477806,1
1,0,0,0,12,1,1,106.7,1253.9,False,True,True,False,False,False,False,True,False,True,False,False,False,True,False,True,False,False,False,True,False,1,0.7468767,1
0,0,0,0,15,1,1,55.7,899.8,False,True,False,False,False,True,False,False,False,False,False,False,False,False,False,False,False,False,False,False,True,1,0.17903747,0
1,0,1,0,71,1,1,99.0,6994.6,False,True,True,False,False,True,False,True,False,True,False,False,False,True,False,False,False,True,False,True,False,0,0.025963457,0
0,0,1,0,30,1,1,85.0,2624.25,False,True,True,False,False,False,False,False,False,False,False,False,False,False,False,True,False,False,False,True,False,1,0.5445985,1
1,0,0,1,33,1,1,20.15,682.15,False,False,False,True,True,False,True,False,True,False,True,False,True,False,True,False,True,False,False,False,True,0,0.02513826,0
0,0,0,0,1,1,0,19.9,19.9,False,False,False,True,True,False,True,False,True,False,True,False,True,False,True,False,False,False,False,False,True,0,0.39271966,1
0,0,1,1,62,1,1,70.45,4300.45,False,True,False,False,False,False,False,False,False,False,False,False,False,True,False,True,False,False,True,False,False,0,0.13109122,0
0,0,1,1,72,1,1,116.8,8456.75,False,True,True,False,False,True,False,True,False,True,False,True,False,True,False,True,False,True,True,False,False,0,0.0071226056,0
0,0,1,1,30,1,0,66.3,1923.5,False,False,False,False,False,True,False,False,False,False,False,True,False,False,False,True,False,False,False,False,False,0,0.07391987,0
0,0,0,1,3,1,1,20.55,57.4,False,False,False,True,True,False,True,False,True,False,True,False,True,False,True,False,True,False,True,False,False,0,0.051505998,0
0,0,1,1,28,1,1,90.45,2509.25,False,True,True,False,False,False,False,False,False,False,False,True,False,False,False,True,True,False,False,True,False,0,0.23533072,0
1,0,0,0,30,1,1,94.3,2679.7,False,True,True,False,False,True,False,True,False,False,False,False,False,False,False,True,False,False,True,False,False,0,0.3050905,1
0,0,1,1,12,1,0,19.0,233.55,False,False,False,True,True,False,True,False,True,False,True,False,True,False,True,False,False,False,False,False,True,1,0.017584238,0
1,0,0,0,51,1,1,24.6,1266.4,False,True,False,True,True,False,True,False,True,False,True,False,True,False,True,False,True,False,False,False,False,0,0.017817428,0
0,0,0,0,15,0,0,45.9,693.45,True,False,False,False,False,True,False,True,False,True,False,True,False,False,False,False,True,False,False,False,True,0,0.06966464,0
1,0,1,1,72,1,1,25.1,1790.8,False,True,False,True,True,False,True,False,True,False,True,False,True,False,True,False,False,True,True,False,False,0,0.0027983242,0
1,0,0,0,32,1,1,108.15,3432.9,False,True,True,False,False,True,False,True,False,False,False,True,False,True,False,True,False,False,True,False,False,1,0.25307122,1
0,1,0,0,6,1,1,74.1,450.9,False,False,True,False,False,True,False,False,False,False,False,False,False,False,False,False,False,False,False,True,False,0,0.51139563,1
1,0,1,0,63,1,0,70.8,4448.8,False,False,False,False,False,True,False,True,False,False,False,True,False,True,False,False,True,False,True,False,False,0,0.025412606,0
0,1,0,0,11,1,1,95.15,997.65,False,True,True,False,False,False,False,False,False,False,False,False,False,True,False,True,False,False,False,False,False,1,0.72338855,1
1,0,0,0,19,1,1,61.55,1093.2,False,False,False,False,False,False,False,False,False,False,False,True,False,True,False,False,False,False,True,False,False,0,0.14606635,0
1,0,1,1,64,1,1,73.05,4688.65,False,False,False,False,False,True,False,False,False,True,False,False,False,True,False,True,True,False,True,False,False,0,0.05960092,0
0,0,1,1,7,1,0,69.45,477.05,False,False,False,False,False,True,False,True,False,True,False,False,False,True,False,False,True,False,False,True,False,0,0.094505735,0
0,1,0,0,4,1,0,20.05,91.45,False,False,False,True,True,False,True,False,True,False,True,False,True,False,True,False,False,False,False,False,True,0,0.2094548,0
1,0,0,0,7,1,1,19.95,147.5,False,False,False,True,True,False,True,False,True,False,True,False,True,False,True,False,False,False,False,False,True,0,0.1122726,0
1,0,0,0,4,1,1,90.4,356.65,False,False,True,False,False,False,False,False,False,True,False,True,False,False,False,True,False,False,False,True,False,0,0.6099419,1
0,0,0,0,3,1,1,74.55,233.65,False,False,True,False,False,True,False,False,False,False,False,False,False,False,False,False,False,False,False,True,False,0,0.52652764,1
0,1,0,0,65,0,1,53.5,3517.9,True,False,False,False,False,False,False,True,False,True,False,False,False,True,False,True,False,True,False,False,False,0,0.036431897,0
1,0,1,1,42,1,0,63.7,2763.35,False,False,False,False,False,True,False,False,False,False,False,True,False,False,False,True,True,False,True,False,False,0,0.09121733,0
1,0,0,0,26,1,0,75.0,1908.35,False,False,False,False,False,True,False,False,False,False,False,True,False,True,False,True,True,False,False,False,False,0,0.07438271,0
0,0,0,0,48,1,0,25.05,1171.5,False,True,False,True,True,False,True,False,True,False,True,False,True,False,True,False,True,False,True,False,False,0,0.02918693,0
1,0,1,1,69,1,1,99.35,6856.45,False,True,True,False,False,False,False,False,False,False,False,True,False,True,False,True,False,True,False,True,False,0,0.11431387,0
1,0,1,1,17,0,0,44.45,792.15,True,False,False,False,False,True,False,False,False,True,False,False,False,True,False,False,True,False,True,False,False,0,0.061271496,0
0,0,1,1,1,1,1,21.0,21.0,False,False,False,True,True,False,True,False,True,False,True,False,True,False,True,False,False,False,False,True,False,1,0.46301153,1
0,0,0,0,4,1,1,76.65,333.6,False,False,True,False,False,False,False,True,False,False,False,False,False,False,False,False,False,False,False,False,False,1,0.6097661,1
0,1,0,0,34,1,1,96.35,3190.25,False,True,True,False,False,False,False,True,False,False,False,True,False,True,False,False,False,False,False,True,False,0,0.48384118,1
0,0,0,0,2,1,0,70.35,139.25,False,False,True,False,False,False,False,False,False,False,False,False,False,False,False,False,False,False,False,True,False,0,0.51473355,1
0,0,1,1,1,1,0,50.45,50.45,False,False,False,False,False,False,False,False,False,True,False,False,False,False,False,False,False,False,False,False,True,1,0.48170194,1
0,0,0,0,12,1,0,20.3,246.7,False,False,False,True,True,False,True,False,True,False,True,False,True,False,True,False,False,False,False,False,True,0,0.07467778,0
1,0,0,0,38,1,1,69.5,2625.25,False,False,True,False,False,False,False,False,False,False,False,False,False,False,False,False,False,False,True,False,False,0,0.283848,1
0,0,1,1,31,1,0,80.55,2471.6,False,True,False,False,False,False,False,True,False,False,False,True,False,True,False,True,False,True,False,False,False,0,0.027728612,0
0,0,1,1,67,1,1,108.75,7156.2,False,True,True,False,False,True,False,False,False,True,False,True,False,True,False,True,False,True,True,False,False,1,0.15323871,0
1,0,1,1,22,1,1,88.75,1885.15,False,True,True,False,False,False,False,False,False,True,False,False,False,True,False,False,False,False,False,True,False,0,0.59320736,1
0,0,1,0,63,1,1,81.2,4965.1,False,True,True,False,False,False,False,False,False,False,False,True,False,False,False,False,True,False,True,False,False,0,0.05449207,0
0,0,0,0,70,1,0,79.6,5589.45,False,False,False,False,False,True,False,False,False,True,False,True,False,True,False,True,False,True,False,False,False,0,0.02585011,0
1,0,0,0,1,1,0,20.45,20.45,False,False,False,True,True,False,True,False,True,False,True,False,True,False,True,False,False,False,False,False,True,0,0.3016201,1
0,0,1,1,49,1,0,100.45,4941.8,False,True,True,False,False,False,False,True,False,False,False,False,False,True,False,True,True,False,False,False,True,1,0.18906271,0
0,1,1,0,71,1,0,89.45,6435.25,False,False,True,False,False,False,False,True,False,True,False,False,False,False,False,True,False,True,True,False,False,0,0.021228034,0
0,0,1,1,23,1,1,66.25,1533.8,False,False,False,False,False,True,False,True,False,True,False,True,False,False,False,False,True,False,False,False,True,0,0.042713493,0
1,0,1,1,72,1,1,90.8,6397.6,False,True,False,False,False,True,False,True,False,True,False,True,False,True,False,True,False,True,True,False,False,0,0.003487129,0
0,0,1,1,72,1,1,71.45,5025.85,False,True,False,False,False,True,False,False,False,True,False,False,False,True,False,False,False,True,False,False,False,0,0.007499929,0
0,0,0,0,2,1,0,69.75,144.55,False,False,True,False,False,False,False,False,False,False,False,False,False,False,False,False,False,False,False,False,False,1,0.4718689,1
0,0,0,0,42,1,0,59.65,2536.55,False,False,False,False,False,True,False,True,False,True,False,False,False,False,False,False,False,False,False,False,False,0,0.105492376,0
0,0,1,1,47,1,0,19.75,948.9,False,False,False,True,True,False,True,False,True,False,True,False,True,False,True,False,False,True,False,False,True,0,0.0126933865,0
1,0,0,1,29,1,0,19.85,535.05,False,False,False,True,True,False,True,False,True,False,True,False,True,False,True,False,True,False,False,False,True,0,0.023119781,0
0,0,1,1,72,0,1,63.8,4684.3,True,False,False,False,False,True,False,True,False,True,False,True,False,True,False,True,False,True,False,False,False,0,0.004203709,0
1,0,0,0,1,1,1,69.55,69.55,False,False,True,False,False,False,False,False,False,False,False,False,False,False,False,False,False,False,False,True,False,1,0.8596129,1
1,0,0,0,40,1,1,51.1,2092.9,False,False,False,False,False,False,False,False,False,False,False,True,False,False,False,False,False,False,False,True,False,0,0.11037864,0
1,0,0,0,1,1,0,62.05,62.05,False,True,False,False,False,False,False,False,False,True,False,True,False,False,False,False,False,False,False,False,True,1,0.35465243,1
0,1,0,0,1,1,1,85.0,85.0,False,False,True,False,False,False,False,False,False,True,False,False,False,False,False,True,False,False,False,True,False,1,0.8945418,1
1,0,1,1,70,1,0,98.3,6859.5,False,True,True,False,False,False,False,True,False,False,False,False,False,True,False,True,False,True,False,False,False,1,0.05447789,0
1,0,0,0,49,1,1,19.9,1022.6,False,False,False,True,True,False,True,False,True,False,True,False,True,False,True,False,False,True,True,False,False,0,0.009031509,0
1,0,0,0,17,1,1,76.65,1313.55,False,False,True,False,False,False,False,False,False,True,False,False,False,False,False,False,False,False,False,True,False,1,0.40963817,1
1,0,0,0,33,1,1,66.4,2245.4,False,False,False,False,False,False,False,True,False,True,False,False,False,True,False,False,False,False,True,False,False,0,0.16991878,0
1,1,1,0,17,1,1,100.45,1622.45,False,True,True,False,False,False,False,False,False,True,False,False,False,True,False,True,False,False,True,False,False,1,0.6237387,1
1,0,1,1,21,1,1,75.9,1549.75,False,True,False,False,False,True,False,False,False,False,False,False,False,True,False,True,True,False,False,False,False,0,0.16992758,0
0,0,0,0,35,1,1,85.95,3110.1,False,True,False,False,False,True,False,False,False,True,False,True,False,True,False,True,True,False,True,False,False,1,0.11589164,0
0,0,0,0,12,0,0,60.65,743.3,True,False,False,False,False,False,False,True,False,True,False,True,False,True,False,True,True,False,False,True,False,0,0.16135,0
0,0,1,0,9,1,0,50.85,466.6,False,False,False,False,False,False,False,True,False,False,False,False,False,False,False,False,False,False,False,False,True,0,0.15272903,0
0,0,1,1,72,1,0,24.45,1709.1,False,True,False,True,True,False,True,False,True,False,True,False,True,False,True,False,False,True,False,False,False,0,0.0034357912,0
1,1,1,0,18,1,1,59.1,1011.05,False,False,False,False,False,True,False,False,False,False,False,False,False,False,False,True,False,False,True,False,False,0,0.1489827,0
0,0,1,0,58,1,1,109.1,6393.65,False,True,True,False,False,True,False,True,False,False,False,True,False,True,False,True,False,True,True,False,False,0,0.1953282,0
0,1,0,1,30,1,1,101.3,2974.5,False,True,True,False,False,False,False,False,False,False,False,True,False,True,False,True,False,False,False,True,False,0,0.49473992,1
1,0,1,1,56,1,0,115.85,6567.9,False,True,True,False,False,True,False,True,False,True,False,True,False,True,False,True,False,True,False,False,True,0,0.04947542,0
1,0,0,0,10,1,1,94.9,1048.85,False,False,True,False,False,False,False,False,False,True,False,False,False,True,False,True,False,False,False,True,False,1,0.7749766,1
0,0,1,0,2,0,1,35.1,68.75,True,False,False,False,False,False,False,False,False,False,False,False,False,False,False,True,False,False,False,True,False,1,0.66810966,1
0,0,1,1,18,1,1,24.65,471.35,False,True,False,True,True,False,True,False,True,False,True,False,True,False,True,False,False,True,True,False,False,0,0.023331698,0
0,0,1,1,51,0,1,56.15,2898.95,True,False,False,False,False,False,False,False,False,True,False,True,False,True,False,True,True,False,False,True,False,0,0.11802871,0
1,0,1,0,60,1,1,109.45,6572.85,False,True,True,False,False,True,False,False,False,True,False,True,False,True,False,True,False,False,False,False,False,0,0.23407692,0
0,0,1,1,24,1,0,55.15,1319.85,False,False,False,False,False,True,False,False,False,False,False,True,False,False,False,False,False,False,False,True,False,0,0.16127822,0
1,0,1,0,70,1,0,115.65,7968.85,False,True,True,False,False,True,False,True,False,True,False,True,False,True,False,True,True,False,True,False,False,1,0.2632145,1
1,0,0,0,12,1,1,53.75,648.65,False,False,False,False,False,False,False,True,False,False,False,True,False,False,False,False,False,False,False,False,True,0,0.17975004,0
1,0,1,1,25,1,1,61.6,1611.0,False,False,False,False,False,True,False,True,False,True,False,False,False,False,False,False,True,False,False,False,False,0,0.05505585,0
1,0,0,0,36,1,1,20.35,695.85,False,False,False,True,True,False,True,False,True,False,True,False,True,False,True,False,True,False,True,False,False,0,0.022976048,0
1,0,1,1,11,1,0,90.6,1020.2,False,False,True,False,False,False,False,False,False,False,False,False,False,True,False,True,False,False,False,True,False,0,0.4885363,1
1,0,1,1,7,1,1,89.75,608.8,False,False,True,False,False,False,False,True,False,False,False,True,False,True,False,False,False,False,False,True,False,1,0.50520337,1
0,1,1,0,26,1,1,98.1,2510.7,False,True,True,False,False,False,False,False,False,True,False,False,False,True,False,True,False,False,False,False,False,0,0.6406209,1
1,0,0,0,41,1,1,74.25,3089.1,False,False,True,False,False,False,False,False,False,False,False,True,False,False,False,False,False,False,False,True,False,0,0.3303925,1
0,1,0,0,57,0,1,55.0,3094.05,True,False,False,False,False,False,False,True,False,True,False,False,False,True,False,True,False,False,False,True,False,0,0.44096512,1
0,0,1,1,28,1,1,90.1,2598.95,False,False,True,False,False,False,False,False,False,False,False,False,False,True,False,True,True,False,False,False,False,1,0.24563672,0
0,0,0,0,10,1,0,64.9,685.55,False,False,False,False,False,False,False,True,False,False,False,True,False,False,False,True,True,False,False,False,True,0,0.11774762,0
0,0,0,0,41,1,1,56.3,2364.0,False,True,False,False,False,False,False,True,False,False,False,False,False,False,False,False,True,False,True,False,False,0,0.0639154,0
0,0,0,0,22,1,1,89.05,1886.25,False,False,True,False,False,True,False,False,False,False,False,True,False,False,False,True,False,False,False,True,False,0,0.31966212,1
0,0,0,0,57,1,1,112.95,6465.0,False,True,True,False,False,True,False,True,False,True,False,False,False,True,False,True,False,True,False,False,False,1,0.13915142,0
1,0,0,0,13,1,0,19.45,270.2,False,False,False,True,True,False,True,False,True,False,True,False,True,False,True,False,True,False,False,False,True,0,0.031504676,0
0,0,1,1,61,1,1,100.7,6018.65,False,True,True,False,False,True,False,True,False,True,False,False,False,False,False,True,True,False,True,False,False,0,0.117839955,0
0,0,1,1,1,1,0,20.05,20.05,False,False,False,True,True,False,True,False,True,False,True,False,True,False,True,False,False,False,False,False,True,0,0.39322355,1
0,0,1,1,18,1,0,19.35,309.25,False,False,False,True,True,False,True,False,True,False,True,False,True,False,True,False,False,True,False,False,True,0,0.022658758,0
1,0,0,0,6,1,1,87.95,522.35,False,True,True,False,False,False,False,False,False,False,False,True,False,False,False,True,False,False,False,False,False,0,0.7086285,1
0,0,0,0,7,1,1,59.5,415.95,False,False,False,False,False,False,False,False,False,False,False,True,False,True,False,False,False,False,False,False,True,1,0.24417637,0
0,0,1,1,9,1,1,55.3,501.2,False,True,False,False,False,False,False,True,False,False,False,False,False,False,False,False,False,False,False,False,True,0,0.2986622,1
1,1,1,1,1,1,1,49.25,49.25,False,False,False,False,False,False,False,False,False,False,False,True,False,False,False,False,False,False,True,False,False,1,0.36035565,1
1,0,0,0,9,1,1,80.8,713.1,False,False,True,False,False,False,False,False,False,False,False,False,False,False,False,True,False,False,False,True,False,1,0.60359514,1
0,0,1,0,49,1,0,20.45,900.9,False,False,False,True,True,False,True,False,True,False,True,False,True,False,True,False,True,False,False,False,False,0,0.01819712,0
0,0,0,0,15,1,1,99.1,1426.4,False,False,True,False,False,True,False,True,False,False,False,False,False,True,False,True,False,False,True,False,False,1,0.6146747,1
0,0,1,1,30,1,0,19.55,608.5,False,False,False,True,True,False,True,False,True,False,True,False,True,False,True,False,True,False,False,False,False,0,0.028209658,0
0,1,1,0,70,1,1,75.65,5411.4,False,True,True,False,False,False,False,False,False,False,False,False,False,False,False,False,False,True,True,False,False,0,0.16929375,0
1,0,0,0,25,1,1,105.5,2686.05,False,False,True,False,False,True,False,False,False,True,False,True,False,True,False,True,False,False,False,True,False,0,0.6560543,1
0,0,1,1,49,0,1,35.8,1782.0,True,False,False,False,False,True,False,False,False,False,False,True,False,False,False,False,True,False,True,False,False,0,0.02451113,0
1,0,0,0,18,0,0,25.15,476.8,True,False,False,False,False,False,False,False,False,False,False,False,False,False,False,False,False,False,False,False,True,0,0.20690306,0
0,0,0,0,25,1,1,19.2,532.1,False,False,False,True,True,False,True,False,True,False,True,False,True,False,True,False,False,False,True,False,False,0,0.039433815,0
1,0,0,1,23,0,0,40.1,857.75,True,False,False,False,False,True,False,False,False,True,False,True,False,False,False,False,False,True,False,False,True,0,0.013021011,0
1,0,1,1,67,1,0,103.15,6895.5,False,False,True,False,False,False,False,True,False,True,False,True,False,True,False,True,False,True,False,False,False,0,0.03997849,0
1,0,1,1,35,1,0,20.5,759.35,False,False,False,True,True,False,True,False,True,False,True,False,True,False,True,False,False,True,False,False,False,0,0.008137757,0
1,0,0,0,1,1,1,45.85,45.85,False,False,False,False,False,False,False,False,False,False,False,False,False,False,False,False,False,False,False,False,True,1,0.54382676,1
1,0,1,0,72,1,0,114.45,8375.05,False,True,True,False,False,True,False,True,False,True,False,True,False,True,False,True,False,True,True,False,False,0,0.009681905,0
0,0,0,0,1,1,0,20.7,20.7,False,False,False,True,True,False,True,False,True,False,True,False,True,False,True,False,False,False,False,True,False,0,0.3908437,1
1,1,1,1,60,1,1,80.95,4859.1,False,True,True,False,False,True,False,False,False,False,False,False,False,False,False,False,False,False,False,True,False,0,0.14672768,0
0,0,0,0,7,1,1,59.1,369.25,False,False,False,False,False,True,False,False,False,False,False,False,False,False,False,True,True,False,False,True,False,0,0.18790333,0
1,0,0,0,64,1,0,19.55,1240.15,False,False,False,True,True,False,True,False,True,False,True,False,True,False,True,False,False,True,False,False,True,0,0.010564949,0
0,0,0,0,15,1,0,48.85,736.8,False,False,False,False,False,False,False,True,False,False,False,False,False,False,False,False,False,False,False,True,False,0,0.2368049,0
1,0,1,1,2,1,0,19.85,35.9,False,False,False,True,True,False,True,False,True,False,True,False,True,False,True,False,True,False,False,False,True,1,0.052803505,0
0,0,0,0,13,1,1,78.75,995.35,False,True,False,False,False,True,False,False,False,True,False,False,False,True,False,True,False,False,False,True,False,0,0.3256087,1
1,0,0,0,26,1,1,98.35,2515.3,False,True,True,False,False,False,False,False,False,True,False,False,False,True,False,True,False,False,False,True,False,1,0.7474432,1
0,0,1,0,52,0,0,35.45,1958.95,True,False,False,False,False,True,False,False,False,True,False,False,False,False,False,False,True,False,False,False,True,0,0.036771942,0
1,0,0,0,1,1,1,20.2,20.2,False,False,False,True,True,False,True,False,True,False,True,False,True,False,True,False,False,False,False,False,False,1,0.40048927,1
0,1,0,0,15,1,0,89.85,1424.95,False,True,True,False,False,False,False,True,False,False,False,False,False,False,False,True,False,False,False,True,False,1,0.56569946,1
0,0,0,0,2,1,0,74.9,147.15,False,True,True,False,False,False,False,False,False,False,False,False,False,False,False,False,False,False,True,False,False,1,0.5801765,1
0,0,1,1,31,1,1,91.15,2995.45,False,True,True,False,False,False,False,True,False,False,False,False,False,False,False,True,False,False,False,True,False,1,0.4076301,1
1,0,0,0,26,1,0,75.5,2018.1,False,False,True,False,False,False,False,True,False,False,False,False,False,False,False,False,True,False,False,False,False,0,0.07872425,0
0,0,0,0,10,0,0,29.75,301.9,True,False,False,False,False,True,False,False,False,False,False,False,False,False,False,False,False,False,False,False,True,0,0.16247256,0
1,0,0,0,1,1,0,20.05,20.05,False,False,False,True,True,False,True,False,True,False,True,False,True,False,True,False,False,False,False,False,True,0,0.39231813,1
0,1,0,0,2,1,1,79.6,195.05,False,False,True,False,False,False,False,False,False,False,False,False,False,False,False,True,False,False,False,True,False,1,0.72118527,1
1,0,0,0,2,1,0,19.3,28.3,False,False,False,True,True,False,True,False,True,False,True,False,True,False,True,False,True,False,True,False,False,1,0.020200249,0
0,0,1,0,13,0,1,48.75,633.4,True,False,False,False,False,False,False,False,False,True,False,False,False,True,False,True,False,False,False,False,False,1,0.4552849,1
1,0,1,1,33,1,0,74.75,2453.3,False,False,False,False,False,True,False,False,False,True,False,False,False,True,False,True,True,False,True,False,False,0,0.10173418,0
0,1,0,0,46,1,1,91.3,4126.35,False,False,True,False,False,False,False,True,False,True,False,False,False,True,False,False,True,False,False,False,False,0,0.08064232,0
0,0,0,0,13,0,0,49.15,649.4,True,False,False,False,False,False,False,False,False,True,False,False,False,True,False,True,False,False,False,True,False,0,0.41291282,1
0,1,0,0,37,1,1,106.75,4056.75,False,True,True,False,False,True,False,True,False,False,False,False,False,True,False,True,False,False,False,False,False,1,0.33403668,1
0,0,1,1,61,1,0,19.1,1143.8,False,False,False,True,True,False,True,False,True,False,True,False,True,False,True,False,True,False,True,False,False,0,0.007981226,0
1,0,0,0,1,1,0,20.8,20.8,False,False,False,True,True,False,True,False,True,False,True,False,True,False,True,False,False,False,False,False,True,0,0.37562084,1
0,0,1,1,9,1,1,75.85,647.5,False,False,True,False,False,False,False,False,False,False,False,True,False,False,False,False,False,False,False,True,False,0,0.62962234,1
1,0,0,0,3,1,1,69.6,207.4,False,False,True,False,False,False,False,False,False,False,False,False,False,False,False,False,False,False,False,False,True,0,0.54689837,1
1,0,1,0,69,1,0,19.9,1363.45,False,False,False,True,True,False,True,False,True,False,True,False,True,False,True,False,False,True,False,False,True,0,0.006773009,0
0,0,1,1,62,1,0,20.3,1296.15,False,False,False,True,True,False,True,False,True,False,True,False,True,False,True,False,False,True,False,False,False,0,0.0074149193,0
1,0,0,0,20,1,1,19.7,419.4,False,False,False,True,True,False,True,False,True,False,True,False,True,False,True,False,False,True,False,False,True,0,0.019056313,0
1,0,0,0,61,1,0,104.0,6363.45,False,True,True,False,False,True,False,False,False,True,False,False,False,True,False,True,True,False,False,True,False,0,0.23342527,0
0,0,0,0,4,1,0,23.9,97.5,False,True,False,True,True,False,True,False,True,False,True,False,True,False,True,False,True,False,False,True,False,0,0.08957088,0
1,0,1,0,63,1,0,102.6,6296.75,False,True,True,False,False,False,False,False,False,True,False,False,False,True,False,True,False,True,False,True,False,0,0.15899466,0
1,0,0,0,50,0,1,35.0,1782.4,True,False,False,False,False,True,False,True,False,False,False,False,False,False,False,False,False,False,False,False,True,0,0.14262472,0
1,0,0,0,1,1,0,80.5,80.5,False,False,True,False,False,False,False,False,False,False,False,False,False,False,False,True,False,False,False,True,False,1,0.8100373,1
0,0,1,1,70,1,0,74.1,5222.3,False,False,False,False,False,True,False,True,False,True,False,True,False,False,False,True,True,False,True,False,False,0,0.14413922,0
0,0,1,1,72,1,1,76.8,5468.45,False,True,False,False,False,False,False,False,False,True,False,False,False,True,False,True,False,True,False,False,False,0,0.028899098,0
0,0,0,0,35,1,0,60.55,1982.6,False,False,False,False,False,True,False,True,False,True,False,False,False,False,False,False,False,False,False,True,False,0,0.0894095,0
1,0,0,0,12,1,1,67.25,832.3,False,True,False,False,False,True,False,True,False,False,False,True,False,False,False,False,False,False,False,True,False,0,0.27220622,1
0,0,1,0,56,1,0,109.8,6109.65,False,True,True,False,False,True,False,True,False,True,False,False,False,True,False,True,True,False,False,False,False,0,0.12221986,0
1,0,0,1,12,1,1,73.75,871.4,False,True,True,False,False,False,False,False,False,False,False,False,False,False,False,False,False,False,True,False,False,1,0.5544514,1
0,0,0,0,36,1,0,55.8,1941.5,False,True,False,False,False,False,False,False,False,True,False,False,False,False,False,False,True,False,False,True,False,0,0.060057584,0
0,0,1,0,40,1,0,105.75,4228.55,False,True,True,False,False,True,False,False,False,True,False,False,False,True,False,True,True,False,False,False,False,0,0.26304242,1
0,0,0,0,3,1,1,19.6,59.75,False,False,False,True,True,False,True,False,True,False,True,False,True,False,True,False,False,False,False,False,True,1,0.18425071,0
0,1,0,0,40,1,1,103.75,4188.4,False,True,True,False,False,False,False,False,False,True,False,True,False,True,False,True,True,False,True,False,False,0,0.4120152,1
1,0,1,0,67,1,0,70.9,4677.1,False,True,False,False,False,True,False,True,False,True,False,True,False,False,False,False,False,True,True,False,False,0,0.013786881,0
0,0,0,0,67,1,1,72.35,4991.5,False,False,False,False,False,True,False,False,False,True,False,True,False,False,False,True,True,False,False,False,False,0,0.11344979,0
0,0,0,0,7,1,1,66.85,458.1,False,False,False,False,False,False,False,False,False,False,False,False,False,True,False,True,False,False,False,True,False,0,0.41281137,1
1,0,0,0,3,1,0,90.4,268.45,False,False,True,False,False,False,False,True,False,True,False,False,False,False,False,True,False,False,False,True,False,0,0.5328402,1
1,0,0,0,42,1,1,100.3,4222.95,False,True,True,False,False,False,False,False,False,False,False,True,False,True,False,True,False,False,False,True,False,0,0.58214444,1
0,0,1,1,40,1,1,26.2,1077.5,False,True,False,True,True,False,True,False,True,False,True,False,True,False,True,False,False,False,False,True,False,0,0.10247244,0
0,1,1,0,53,1,1,94.0,4871.45,False,False,True,False,False,False,False,True,False,True,False,True,False,True,False,False,True,False,False,True,False,0,0.1593748,0
0,0,0,0,3,1,0,19.55,61.05,False,False,False,True,True,False,True,False,True,False,True,False,True,False,True,False,False,False,False,True,False,0,0.17476799,0
0,1,0,0,9,1,1,90.1,816.8,False,True,True,False,False,False,False,False,False,True,False,False,False,True,False,False,False,False,False,True,False,0,0.79438627,1
0,0,1,1,72,1,1,20.1,1326.25,False,False,False,True,True,False,True,False,True,False,True,False,True,False,True,False,False,True,True,False,False,0,0.0029613546,0
1,1,0,0,46,1,0,85.0,3969.4,False,False,True,False,False,True,False,False,False,False,False,False,False,False,False,True,False,False,False,True,False,1,0.2889345,1
0,0,1,1,61,1,1,24.1,1551.6,False,True,False,True,True,False,True,False,True,False,True,False,True,False,True,False,False,True,False,False,True,0,0.0097763995,0
0,0,1,1,54,1,0,69.95,3871.85,False,False,False,False,False,True,False,False,False,True,False,True,False,False,False,True,False,True,False,False,False,0,0.011932707,0
1,0,0,0,11,0,1,41.6,470.6,True,False,False,False,False,False,False,False,False,True,False,False,False,True,False,False,True,False,False,True,False,1,0.43754333,1
0,0,1,0,29,1,1,19.55,521.8,False,False,False,True,True,False,True,False,True,False,True,False,True,False,True,False,False,True,False,False,True,0,0.017035717,0
1,0,1,1,67,1,1,111.3,7482.1,False,True,True,False,False,True,False,True,False,True,False,False,False,True,False,True,True,False,False,True,False,1,0.10214465,0
1,0,1,1,49,1,1,97.95,4917.9,False,True,True,False,False,False,False,False,False,False,False,True,False,True,False,True,True,False,False,True,False,0,0.27534255,1
1,0,1,0,72,1,1,100.55,7325.1,False,True,True,False,False,True,False,True,False,False,False,True,False,False,False,True,False,True,False,False,False,0,0.0073258467,0
0,0,1,1,71,1,0,87.25,6328.7,False,False,False,False,False,True,False,True,False,True,False,True,False,True,False,True,False,True,True,False,False,0,0.0046361014,0
0,1,0,0,44,1,0,74.85,3268.05,False,False,False,False,False,False,False,False,False,True,False,True,False,True,False,True,True,False,False,False,False,0,0.14384557,0
1,0,1,1,41,1,1,60.3,2511.3,False,False,False,False,False,True,False,True,False,True,False,False,False,False,False,False,True,False,False,False,False,0,0.056083743,0
0,0,0,0,11,1,1,58.95,601.6,False,True,False,False,False,False,False,False,False,False,False,False,False,False,False,True,False,False,False,False,True,0,0.2867284,1
0,0,0,0,13,1,1,19.3,279.3,False,False,False,True,True,False,True,False,True,False,True,False,True,False,True,False,False,False,False,False,True,0,0.046233498,0
0,1,1,0,55,1,0,88.8,4805.3,False,False,True,False,False,False,False,False,False,True,False,True,False,True,False,False,False,True,True,False,False,0,0.057982035,0
0,0,0,0,11,1,0,48.55,501.0,False,False,False,False,False,True,False,False,False,False,False,False,False,False,False,False,False,False,True,False,False,1,0.16057864,0
0,0,0,1,48,0,0,45.55,2108.35,True,False,False,False,False,False,False,True,False,True,False,False,False,False,False,True,False,False,True,False,False,0,0.1738093,0
1,0,0,0,31,1,0,81.7,2548.65,False,True,True,False,False,False,False,False,False,False,False,True,False,False,False,False,True,False,True,False,False,0,0.058806665,0
1,0,0,0,63,1,0,109.2,7049.75,False,False,True,False,False,True,False,True,False,True,False,True,False,True,False,True,False,True,True,False,False,0,0.103004225,0
0,1,1,1,61,1,1,65.2,3965.05,False,True,False,False,False,False,False,False,False,True,False,False,False,True,False,False,True,False,False,True,False,0,0.09435547,0
0,0,1,1,72,1,0,24.25,1784.5,False,True,False,True,True,False,True,False,True,False,True,False,True,False,True,False,False,True,True,False,False,0,0.0028389425,0
0,0,1,1,53,1,1,108.25,5935.1,False,False,True,False,False,False,False,True,False,True,False,True,False,True,False,True,False,False,False,False,False,0,0.1897709,0
0,1,0,0,7,1,1,48.2,340.35,False,False,False,False,False,True,False,False,False,False,False,False,False,False,False,False,False,False,False,True,False,0,0.315367,1
0,0,1,1,28,1,1,81.05,2227.1,False,False,True,False,False,False,False,False,False,False,False,False,False,False,False,True,False,False,False,True,False,1,0.45133686,1
0,0,0,0,16,1,0,72.65,1194.3,False,True,True,False,False,False,False,False,False,False,False,False,False,False,False,False,False,False,False,True,False,1,0.48293155,1
0,0,0,1,7,1,1,71.05,472.65,False,False,True,False,False,False,False,False,False,False,False,False,False,False,False,False,False,False,False,True,False,0,0.6382523,1
0,0,0,0,5,1,1,64.0,370.25,False,True,False,False,False,False,False,True,False,False,False,False,False,False,False,True,False,False,False,True,False,0,0.52030706,1
0,0,1,1,71,1,0,23.9,1663.5,False,True,False,True,True,False,True,False,True,False,True,False,True,False,True,False,False,True,True,False,False,0,0.004880438,0
1,0,1,1,7,0,1,34.5,279.25,True,False,False,False,False,True,False,False,False,False,False,True,False,False,False,False,False,False,False,True,False,1,0.28867397,1
1,1,0,0,11,1,1,111.4,1183.05,False,True,True,False,False,False,False,True,False,True,False,True,False,True,False,True,False,False,False,True,False,0,0.81074375,1
1,0,0,0,52,0,0,63.9,3334.95,True,False,False,False,False,True,False,True,False,True,False,True,False,True,False,True,False,True,True,False,False,0,0.013847803,0
0,0,0,0,49,1,0,67.4,3306.85,False,False,False,False,False,True,False,True,False,True,False,True,False,False,False,False,False,True,False,False,False,0,0.016068265,0
1,0,0,0,19,1,0,18.8,279.2,False,False,False,True,True,False,True,False,True,False,True,False,True,False,True,False,True,False,False,False,True,0,0.006588226,0
1,0,0,0,2,1,1,80.95,171.15,False,False,True,False,False,False,False,False,False,False,False,False,False,False,False,True,False,False,False,True,False,1,0.6999009,1
1,0,1,0,52,1,1,95.65,5088.4,False,True,True,False,False,False,False,True,False,False,False,True,False,False,False,True,False,False,True,False,False,0,0.23298192,0
1,0,1,0,23,1,0,84.25,1968.1,False,True,True,False,False,False,False,True,False,True,False,False,False,False,False,False,False,False,False,True,False,0,0.42916304,1
1,1,0,0,8,1,1,69.7,572.85,False,False,True,False,False,False,False,False,False,False,False,False,False,False,False,False,False,False,False,True,False,0,0.57277304,1
0,1,1,1,65,1,1,103.9,6767.1,False,True,True,False,False,False,False,False,False,True,False,True,False,True,False,True,True,False,False,False,False,0,0.16802524,0
1,0,0,1,2,1,1,55.3,108.65,False,False,False,False,False,False,False,False,False,False,False,False,False,False,False,True,False,False,False,True,False,0,0.7093119,1
0,0,1,0,62,1,0,23.65,1416.75,False,True,False,True,True,False,True,False,True,False,True,False,True,False,True,False,False,True,False,False,False,0,0.009024602,0
1,0,0,0,3,1,1,89.85,244.45,False,False,True,False,False,False,False,False,False,True,False,True,False,True,False,False,False,False,False,False,True,0,0.64299154,1
1,0,1,1,49,1,1,93.65,4520.15,False,True,True,False,False,False,False,True,False,True,False,False,False,True,False,False,True,False,False,True,False,0,0.22178955,0
0,0,0,1,15,1,0,69.0,994.8,False,False,True,False,False,False,False,False,False,False,False,False,False,False,False,False,False,False,False,False,False,1,0.2702977,1
0,0,0,1,41,1,1,20.25,865.0,False,False,False,True,True,False,True,False,True,False,True,False,True,False,True,False,True,False,True,False,False,0,0.0200285,0
0,1,0,0,46,1,1,104.45,4863.85,False,True,True,False,False,False,False,True,False,True,False,False,False,True,False,True,False,False,False,True,False,0,0.54333025,1
1,0,0,0,56,1,1,25.95,1444.05,False,True,False,True,True,False,True,False,True,False,True,False,True,False,True,False,False,True,False,False,False,0,0.018597195,0
1,0,0,0,48,1,1,95.4,4445.3,False,True,True,False,False,True,False,False,False,False,False,True,False,False,False,True,False,False,False,True,False,0,0.23130237,0
1,0,0,0,2,1,0,70.7,129.2,False,False,True,False,False,False,False,False,False,False,False,False,False,False,False,False,False,False,False,False,True,0,0.49288768,1
0,0,1,1,72,1,0,23.75,1679.25,False,True,False,True,True,False,True,False,True,False,True,False,True,False,True,False,False,True,False,False,False,0,0.0034357912,0
1,0,1,0,45,1,0,78.8,3597.5,False,False,False,False,False,True,False,True,False,True,False,False,False,True,False,True,True,False,False,False,False,0,0.08993264,0
1,0,1,1,37,1,1,62.8,2278.75,False,True,False,False,False,True,False,False,False,True,False,True,False,False,False,False,False,True,True,False,False,0,0.017974263,0
0,0,0,0,61,1,0,89.2,5500.6,False,True,True,False,False,False,False,False,False,True,False,False,False,False,False,True,False,False,False,False,True,0,0.16168302,0
0,0,0,0,60,1,0,20.6,1093.0,False,False,False,True,True,False,True,False,True,False,True,False,True,False,True,False,False,True,False,False,True,0,0.015233693,0
0,1,1,0,2,1,0,50.15,115.1,False,False,False,False,False,False,False,True,False,False,False,False,False,False,False,False,False,False,True,False,False,1,0.46101728,1
0,0,1,1,63,1,0,75.55,4707.85,False,False,False,False,False,True,False,True,False,True,False,True,False,True,False,False,False,True,True,False,False,0,0.011907177,0
0,1,0,0,4,1,1,84.6,360.1,False,True,True,False,False,False,False,False,False,False,False,False,False,False,False,True,False,False,False,True,False,1,0.801374,1
1,0,0,0,62,1,0,102.0,6529.25,False,True,True,False,False,True,False,True,False,False,False,True,False,False,False,True,True,False,False,True,False,1,0.10094216,0
0,0,0,0,62,1,1,92.05,5755.8,False,True,True,False,False,True,False,True,False,True,False,False,False,False,False,False,True,False,False,True,False,0,0.10489618,0
1,0,0,0,69,1,1,97.65,6743.55,False,True,True,False,False,False,False,True,False,True,False,True,False,True,False,False,False,True,True,False,False,0,0.06052912,0
0,0,0,0,4,1,1,105.65,443.9,False,False,True,False,False,False,False,True,False,True,False,True,False,True,False,True,True,False,False,True,False,1,0.57687885,1
0,0,1,0,49,0,1,56.3,2780.6,True,False,False,False,False,False,False,True,False,False,False,True,False,True,False,True,True,False,True,False,False,0,0.16082044,0
1,0,0,0,51,1,1,81.15,4126.2,False,True,False,False,False,True,False,True,False,True,False,True,False,True,False,False,True,False,True,False,False,0,0.036546525,0
1,0,0,0,26,0,1,44.65,1156.55,True,False,False,False,False,True,False,True,False,False,False,False,False,False,False,True,False,False,False,False,False,0,0.27182153,1
0,0,0,0,9,1,1,43.75,405.7,False,False,False,False,False,False,False,False,False,False,False,False,False,False,False,False,False,False,False,True,False,0,0.35637537,1
0,0,0,0,57,1,0,94.7,5468.95,False,True,True,False,False,False,False,True,False,False,False,True,False,False,False,True,True,False,False,True,False,0,0.101479,0
0,0,1,0,37,1,0,19.5,805.2,False,False,False,True,True,False,True,False,True,False,True,False,True,False,True,False,False,False,False,False,False,0,0.06306168,0
1,0,0,0,30,1,1,97.0,3021.3,False,False,True,False,False,False,False,True,False,False,False,False,False,True,False,True,True,False,False,False,False,0,0.20782606,0
0,1,1,1,70,1,1,107.9,7475.85,False,True,True,False,False,False,False,True,False,True,False,True,False,True,False,True,True,False,False,True,False,0,0.18686719,0
1,0,0,1,22,1,1,89.4,2001.5,False,False,True,False,False,False,False,True,False,True,False,False,False,True,False,False,False,False,False,True,False,1,0.53691673,1
1,0,0,0,39,0,1,48.95,1880.85,True,False,False,False,False,True,False,True,False,False,False,True,False,True,False,False,False,False,True,False,False,1,0.1143493,0
0,1,1,0,33,1,1,80.6,2656.5,False,True,True,False,False,False,False,True,False,False,False,False,False,False,False,False,False,False,False,False,False,1,0.40429354,1
1,0,0,0,60,1,1,116.6,7049.5,False,True,True,False,False,True,False,True,False,True,False,True,False,True,False,True,True,False,True,False,False,0,0.16168192,0
0,0,1,1,1,1,0,19.45,19.45,False,False,False,True,True,False,True,False,True,False,True,False,True,False,True,False,False,False,False,True,False,0,0.36517262,1
0,0,1,1,12,1,1,58.35,740.55,False,False,False,False,False,False,False,False,False,True,False,False,False,True,False,False,False,False,True,False,False,0,0.22797063,0
0,0,1,1,51,1,0,19.95,1028.75,False,False,False,True,True,False,True,False,True,False,True,False,True,False,True,False,False,True,False,False,True,0,0.01155572,0
0,0,1,1,22,1,1,80.15,1790.65,False,False,True,False,False,False,False,False,False,False,False,False,False,False,False,True,False,False,False,True,False,0,0.45461082,1
1,0,1,1,1,1,0,18.8,18.8,False,False,False,True,True,False,True,False,True,False,True,False,True,False,True,False,True,False,False,False,True,0,0.044777904,0
1,0,1,1,39,1,0,100.0,3835.55,False,True,True,False,False,False,False,False,False,True,False,False,False,True,False,True,True,False,False,True,False,0,0.2826568,1
0,0,0,0,4,1,1,93.5,362.2,False,True,True,False,False,False,False,True,False,False,False,True,False,False,False,True,False,False,False,True,False,1,0.76056546,1
0,0,0,0,39,1,1,80.45,3201.55,False,False,True,False,False,False,False,False,False,True,False,True,False,False,False,False,False,True,False,True,False,1,0.07029357,0
1,1,1,0,69,1,1,84.9,5785.65,False,True,True,False,False,True,False,True,False,False,False,False,False,False,False,False,False,False,True,False,False,0,0.21605271,0
1,1,1,0,8,1,1,64.4,581.7,False,False,False,False,False,False,False,False,False,True,False,True,False,False,False,True,False,False,True,False,False,0,0.18164186,0
1,0,1,0,68,1,0,25.05,1629.2,False,True,False,True,True,False,True,False,True,False,True,False,True,False,True,False,False,True,True,False,False,0,0.007485851,0
0,1,0,0,2,1,0,70.75,154.85,False,False,True,False,False,False,False,False,False,False,False,False,False,False,False,False,False,False,False,True,False,1,0.5594373,1
1,1,1,0,24,0,0,39.1,971.3,True,False,False,False,False,True,False,False,False,False,False,False,False,False,False,True,False,False,False,False,False,1,0.2972972,1
0,0,1,0,42,1,1,50.25,2203.65,False,True,False,False,False,False,False,False,False,False,False,False,False,False,False,False,False,False,False,True,False,1,0.19376384,0
0,0,1,0,59,1,1,80.1,4693.2,False,True,False,False,False,False,False,True,False,False,False,True,False,True,False,True,True,False,False,True,False,0,0.10022774,0
1,0,1,1,1,1,0,80.0,80.0,False,False,True,False,False,False,False,False,False,False,False,False,False,False,False,True,False,False,False,True,False,1,0.7779884,1
0,0,1,1,46,0,0,35.05,1620.25,True,False,False,False,False,True,False,True,False,False,False,False,False,False,False,False,False,False,False,False,False,0,0.12166891,0
1,0,0,0,4,0,1,29.65,118.5,True,False,False,False,False,False,False,False,False,True,False,False,False,False,False,False,False,False,False,True,False,1,0.59790534,1
1,0,1,1,11,1,1,20.45,250.8,False,False,False,True,True,False,True,False,True,False,True,False,True,False,True,False,False,False,False,True,False,0,0.09937842,0
1,0,1,0,59,1,0,66.4,3958.2,False,False,False,False,False,True,False,True,False,True,False,False,False,True,False,False,True,False,True,False,False,0,0.028896708,0
0,0,1,1,53,1,0,60.6,3297.0,False,False,False,False,False,False,False,False,False,True,False,False,False,False,False,True,True,False,True,False,False,0,0.07320102,0
0,0,0,0,3,1,1,54.2,140.4,False,False,False,False,False,False,False,False,False,False,False,False,False,True,False,False,False,False,False,True,False,0,0.53734255,1
0,0,1,0,72,1,1,25.25,1841.2,False,True,False,True,True,False,True,False,True,False,True,False,True,False,True,False,False,True,False,False,False,0,0.0042877356,0
1,0,0,0,9,1,1,18.95,185.6,False,False,False,True,True,False,True,False,True,False,True,False,True,False,True,False,False,False,False,False,True,1,0.045684475,0
1,0,1,1,24,1,1,20.8,469.65,False,False,False,True,True,False,True,False,True,False,True,False,True,False,True,False,True,False,True,False,False,0,0.030438278,0
0,1,1,0,45,1,1,86.1,3861.45,False,False,True,False,False,False,False,False,False,True,False,False,False,False,False,True,False,False,False,True,False,0,0.3256057,1
0,0,1,0,49,0,0,40.65,2070.75,True,False,False,False,False,True,False,False,False,False,False,False,False,True,False,False,False,False,False,False,False,0,0.15395173,0
0,0,1,0,61,1,0,24.4,1417.9,False,True,False,True,True,False,True,False,True,False,True,False,True,False,True,False,False,True,False,False,True,0,0.01107027,0
1,0,0,0,2,1,1,70.3,144.0,False,False,True,False,False,False,False,False,False,False,False,False,False,False,False,False,False,False,False,True,False,0,0.63515943,1
0,0,0,0,5,1,1,85.4,425.9,False,False,True,False,False,False,False,False,False,False,False,True,False,False,False,True,False,False,True,False,False,1,0.63508224,1
0,0,0,0,2,0,1,42.6,72.4,True,False,False,False,False,True,False,True,False,False,False,False,False,False,False,True,False,False,False,True,False,1,0.63864875,1
1,0,0,0,25,1,0,81.75,2028.8,False,True,False,False,False,True,False,True,False,True,False,True,False,False,False,True,False,False,False,False,False,0,0.10554876,0
0,0,1,0,60,1,1,106.15,6411.25,False,True,True,False,False,False,False,True,False,True,False,False,False,True,False,True,False,False,False,True,False,0,0.5047921,1
1,0,1,1,51,1,0,110.05,5686.4,False,True,True,False,False,True,False,True,False,False,False,True,False,True,False,True,True,False,True,False,False,0,0.14495045,0
1,0,1,1,2,1,0,56.7,113.55,False,True,False,False,False,True,False,False,False,False,False,False,False,False,False,False,False,False,False,False,True,1,0.29642254,1
1,1,1,0,62,1,1,103.75,6383.35,False,True,True,False,False,False,False,True,False,True,False,False,False,True,False,True,True,False,False,True,False,1,0.27946115,1
1,0,1,0,52,1,1,81.4,4354.45,False,True,False,False,False,True,False,True,False,True,False,True,False,False,False,True,True,False,True,False,False,0,0.085125074,0
1,0,0,0,68,1,1,76.9,5023.0,False,True,False,False,False,True,False,True,False,True,False,False,False,False,False,True,True,False,True,False,False,0,0.16929184,0
0,0,0,0,22,1,1,84.15,1821.95,False,True,True,False,False,False,False,False,False,False,False,False,False,True,False,False,False,False,False,False,False,0,0.4489435,1
1,1,1,0,1,0,0,25.05,25.05,True,False,False,False,False,False,False,False,False,False,False,False,False,False,False,False,False,False,False,True,False,1,0.7522943,1
1,1,0,0,3,0,1,41.15,132.2,True,False,False,False,False,False,False,False,False,True,False,False,False,False,False,True,False,False,False,True,False,1,0.7416814,1
0,1,0,0,16,1,1,96.4,1581.2,False,True,True,False,False,False,False,False,False,False,False,False,False,True,False,True,False,False,False,True,False,1,0.7356531,1
0,1,0,0,32,1,1,74.4,2276.95,False,False,True,False,False,False,False,True,False,False,False,False,False,False,False,False,False,False,False,True,False,1,0.45284697,1
1,0,0,0,50,1,0,24.9,1195.25,False,True,False,True,True,False,True,False,True,False,True,False,True,False,True,False,False,True,False,False,False,0,0.021363141,0
1,0,1,1,1,1,1,48.75,48.75,False,False,False,False,False,True,False,False,False,False,False,False,False,False,False,False,False,False,False,False,True,0,0.4174539,1
0,0,0,0,6,1,0,83.9,497.55,False,False,True,False,False,False,False,False,False,True,False,False,False,False,False,True,False,False,False,True,False,1,0.5704349,1
1,0,0,0,1,1,1,50.75,50.75,False,False,False,False,False,False,False,True,False,False,False,False,False,False,False,False,False,False,False,True,False,1,0.6532944,1
0,0,1,1,29,1,0,20.2,558.8,False,False,False,True,True,False,True,False,True,False,True,False,True,False,True,False,False,True,False,False,True,0,0.010062172,0
1,0,0,0,1,1,1,19.3,19.3,False,False,False,True,True,False,True,False,True,False,True,False,True,False,True,False,False,False,False,False,True,1,0.38832667,1
0,0,0,0,58,1,1,95.3,5817.7,False,False,True,False,False,False,False,False,False,False,False,True,False,True,False,True,False,False,False,True,False,0,0.24021856,0
1,1,1,1,35,1,1,76.05,2747.2,False,False,False,False,False,False,False,True,False,False,False,True,False,True,False,True,False,False,False,True,False,0,0.16010894,0
1,0,0,0,43,1,0,19.55,876.15,False,False,False,True,True,False,True,False,True,False,True,False,True,False,True,False,False,True,False,False,True,0,0.013065932,0
0,0,0,0,41,1,0,50.05,2029.05,False,False,False,False,False,False,False,False,False,False,False,True,False,False,False,False,True,False,False,False,False,0,0.025318671,0
0,0,1,1,47,1,0,19.3,890.5,False,False,False,True,True,False,True,False,True,False,True,False,True,False,True,False,False,True,False,False,False,0,0.005047521,0
0,0,0,0,33,1,1,100.0,3320.6,False,True,True,False,False,False,False,True,False,False,False,False,False,True,False,True,False,False,False,True,False,0,0.5240784,1
1,0,0,0,67,1,0,20.5,1430.95,False,False,False,True,True,False,True,False,True,False,True,False,True,False,True,False,False,True,False,False,False,0,0.00650717,0
0,0,1,0,72,1,0,19.4,1496.45,False,False,False,True,True,False,True,False,True,False,True,False,True,False,True,False,False,True,False,False,False,0,0.0063707777,0
1,0,1,1,50,1,0,54.9,2614.1,False,True,False,False,False,False,False,False,False,True,False,False,False,False,False,False,True,False,False,False,False,0,0.05120715,0
1,1,1,0,49,1,0,49.8,2398.4,False,False,False,False,False,False,False,True,False,False,False,False,False,False,False,False,False,True,False,False,True,0,0.06795085,0
1,0,0,0,4,1,1,74.35,265.35,False,True,True,False,False,False,False,False,False,False,False,False,False,False,False,False,False,False,False,True,False,1,0.739762,1
1,0,1,0,61,1,0,94.15,5731.85,False,False,True,False,False,False,False,True,False,True,False,True,False,False,False,True,False,False,True,False,False,0,0.10113407,0
1,0,1,1,7,1,0,20.65,150.0,False,False,False,True,True,False,True,False,True,False,True,False,True,False,True,False,True,False,False,False,True,0,0.029989952,0
1,1,0,0,14,1,0,90.45,1266.1,False,False,True,False,False,False,False,False,False,False,False,False,False,True,False,True,False,False,True,False,False,1,0.49084523,1
0,0,1,0,26,1,1,73.05,1959.5,False,False,False,False,False,False,False,True,False,False,False,True,False,True,False,True,False,False,False,True,False,0,0.1822667,0
0,1,0,0,35,1,0,70.55,2419.0,False,False,True,False,False,False,False,False,False,False,False,False,False,False,False,False,False,False,False,True,False,0,0.41851002,1
0,1,1,0,54,1,1,99.1,5437.1,False,False,True,False,False,False,False,False,False,True,False,True,False,True,False,True,True,False,False,True,False,0,0.24035878,0
0,0,0,0,8,1,0,95.65,778.1,False,True,True,False,False,False,False,False,False,False,False,False,False,True,False,True,False,False,False,False,False,1,0.72838986,1
1,0,0,1,1,1,1,71.65,71.65,False,False,True,False,False,False,False,False,False,False,False,False,False,False,False,False,False,False,False,True,False,1,0.81898403,1
0,0,1,1,67,1,1,100.25,6689.0,False,True,True,False,False,True,False,False,False,True,False,True,False,False,False,True,True,False,False,False,False,0,0.20133194,0
0,0,0,1,24,1,0,19.75,498.1,False,False,False,True,True,False,True,False,True,False,True,False,True,False,True,False,False,True,False,False,True,0,0.01667395,0
0,0,1,1,64,1,0,24.9,1595.5,False,True,False,True,True,False,True,False,True,False,True,False,True,False,True,False,True,False,False,False,True,0,0.012541513,0
0,1,1,1,34,1,1,79.6,2718.3,False,True,True,False,False,False,False,True,False,False,False,False,False,False,False,False,False,False,False,False,True,1,0.3830165,1
1,0,1,1,8,1,0,19.9,153.95,False,False,False,True,True,False,True,False,True,False,True,False,True,False,True,False,True,False,True,False,False,0,0.033125397,0
0,0,0,0,6,1,0,20.2,123.65,False,False,False,True,True,False,True,False,True,False,True,False,True,False,True,False,False,False,False,False,True,0,0.091939464,0
1,0,0,0,13,1,1,99.0,1301.7,False,True,True,False,False,False,False,False,False,False,False,True,False,True,False,True,False,False,False,False,True,1,0.6466378,1
1,0,1,1,62,1,1,24.25,1424.6,False,True,False,True,True,False,True,False,True,False,True,False,True,False,True,False,False,True,False,False,False,0,0.0076622153,0
1,0,1,0,34,1,1,100.05,3480.0,False,True,True,False,False,False,False,False,False,True,False,False,False,True,False,True,False,False,False,True,False,1,0.61427456,1
1,0,0,0,9,1,1,99.3,918.75,False,True,True,False,False,False,False,True,False,False,False,False,False,True,False,True,False,False,True,False,False,0,0.840705,1
1,0,0,0,22,1,0,20.3,467.15,False,False,False,True,True,False,True,False,True,False,True,False,True,False,True,False,True,False,True,False,False,0,0.023743328,0
1,0,0,1,40,1,1,55.25,2139.2,False,False,False,False,False,True,False,True,False,False,False,False,False,False,False,False,False,False,False,False,True,1,0.16666627,0
0,1,1,0,35,1,1,100.5,3653.35,False,True,True,False,False,True,False,True,False,False,False,True,False,True,False,False,False,False,False,False,False,1,0.29123506,1
1,0,0,0,7,1,0,23.5,173.0,False,True,False,True,True,False,True,False,True,False,True,False,True,False,True,False,False,False,False,False,True,0,0.120402806,0
1,1,0,0,32,1,0,19.8,587.7,False,False,False,True,True,False,True,False,True,False,True,False,True,False,True,False,True,False,True,False,False,0,0.031114586,0
1,0,0,1,61,1,0,19.75,1124.2,False,False,False,True,True,False,True,False,True,False,True,False,True,False,True,False,False,True,False,False,True,0,0.028241651,0
1,0,0,0,2,1,0,20.75,44.2,False,False,False,True,True,False,True,False,True,False,True,False,True,False,True,False,False,False,False,False,True,0,0.14674267,0
0,0,1,0,56,1,0,103.2,5744.35,False,True,True,False,False,False,False,False,False,True,False,True,False,True,False,True,False,True,False,False,False,0,0.075664006,0
0,1,1,0,65,1,1,106.25,6979.8,False,True,True,False,False,False,False,True,False,True,False,False,False,True,False,True,True,False,False,True,False,1,0.28968078,1
0,0,1,1,28,1,0,49.9,1410.25,False,True,False,False,False,False,False,False,False,False,False,False,False,False,False,False,False,False,False,False,True,0,0.07048529,0
1,0,0,0,18,1,0,69.5,1199.4,False,True,False,False,False,True,False,False,False,True,False,False,False,True,False,False,False,False,False,False,True,0,0.15466453,0
0,0,1,1,71,1,1,90.55,6239.05,False,True,False,False,False,True,False,True,False,True,False,True,False,True,False,True,False,True,True,False,False,0,0.0064841798,0
1,0,0,0,72,1,1,88.6,6201.95,False,True,False,False,False,False,False,True,False,True,False,True,False,True,False,True,False,True,False,False,False,0,0.009064152,0
1,1,0,0,1,1,1,76.45,76.45,False,True,True,False,False,False,False,False,False,False,False,False,False,False,False,False,False,False,False,True,False,1,0.92004824,1
1,0,0,0,1,1,0,19.75,19.75,False,False,False,True,True,False,True,False,True,False,True,False,True,False,True,False,False,False,False,False,True,1,0.3214923,1
0,0,0,0,34,1,0,20.35,673.2,False,False,False,True,True,False,True,False,True,False,True,False,True,False,True,False,False,False,False,False,True,0,0.05046109,0
0,0,0,0,8,1,1,87.05,762.1,False,True,True,False,False,False,False,False,False,False,False,False,False,True,False,False,False,False,False,True,False,1,0.7829557,1
0,0,0,0,47,1,1,106.4,5127.95,False,True,True,False,False,False,False,True,False,True,False,False,False,True,False,True,False,False,False,True,False,1,0.5828939,1
0,0,1,1,72,1,1,24.05,1709.15,False,True,False,True,True,False,True,False,True,False,True,False,True,False,True,False,False,True,False,False,False,0,0.0037545522,0
0,0,1,1,52,1,1,25.05,1270.25,False,True,False,True,True,False,True,False,True,False,True,False,True,False,True,False,False,True,False,False,False,0,0.008655754,0
1,0,0,0,3,1,0,19.85,64.55,False,False,False,True,True,False,True,False,True,False,True,False,True,False,True,False,False,False,False,False,True,1,0.15542498,0
0,0,1,0,60,0,0,37.7,2288.7,True,False,False,False,False,True,False,True,False,False,False,True,False,False,False,False,False,True,False,False,False,0,0.021871233,0
0,0,0,0,3,1,1,96.6,291.9,False,True,True,False,False,False,False,False,False,False,False,False,False,True,False,True,False,False,False,True,False,1,0.8600659,1
1,0,0,0,19,1,1,86.0,1532.45,False,True,True,False,False,False,False,False,False,False,False,False,False,False,False,True,False,False,False,False,False,1,0.41795298,1
1,0,0,0,1,1,1,69.9,69.9,False,False,True,False,False,False,False,False,False,False,False,False,False,False,False,False,False,False,False,True,False,0,0.83421946,1
0,0,1,0,6,1,1,105.3,545.2,False,True,True,False,False,False,False,True,False,True,False,False,False,True,False,True,False,False,False,True,False,1,0.84651834,1
1,0,1,1,49,1,0,59.6,2970.3,False,False,False,False,False,True,False,True,False,False,False,True,False,False,False,False,False,False,True,False,False,0,0.08528928,0
1,1,0,0,22,1,1,90.5,1910.6,False,True,True,False,False,False,False,False,False,False,False,True,False,True,False,False,False,False,False,False,False,1,0.40431494,1
0,0,1,1,42,1,1,19.05,761.85,False,False,False,True,True,False,True,False,True,False,True,False,True,False,True,False,True,False,False,True,False,0,0.02215132,0
1,1,1,0,46,1,1,98.85,4564.9,False,True,True,False,False,False,False,False,False,True,False,False,False,True,False,True,False,False,False,True,False,0,0.6457585,1
1,0,0,0,68,0,1,39.9,2796.35,True,False,False,False,False,False,False,False,False,True,False,False,False,False,False,True,False,False,False,False,False,0,0.15006484,0
0,0,0,1,2,1,0,20.5,38.25,False,False,False,True,True,False,True,False,True,False,True,False,True,False,True,False,True,False,False,False,False,0,0.04468268,0
1,0,0,1,0,1,0,20.25,0.0,False,False,False,True,True,False,True,False,True,False,True,False,True,False,True,False,False,True,False,False,True,0,0.038050245,0
0,0,1,1,35,1,0,72.25,2568.55,False,True,False,False,False,True,False,False,False,True,False,True,False,True,False,False,False,False,False,True,False,1,0.14202686,0
0,0,0,0,2,1,0,19.5,27.55,False,False,False,True,True,False,True,False,True,False,True,False,True,False,True,False,False,False,False,False,True,0,0.1638456,0
1,0,1,1,68,1,0,62.65,4375.8,False,False,False,False,False,True,False,True,False,True,False,True,False,False,False,False,False,True,True,False,False,0,0.0069211833,0
1,0,1,0,16,1,1,75.4,1189.4,False,True,True,False,False,False,False,False,False,False,False,False,False,False,False,False,False,False,False,True,False,0,0.6613192,1
1,0,1,0,72,1,1,110.9,8240.85,False,True,True,False,False,True,False,False,False,True,False,True,False,True,False,True,False,True,True,False,False,0,0.014689245,0
1,0,1,0,37,1,0,94.3,3460.95,False,True,True,False,False,False,False,False,False,True,False,True,False,True,False,False,False,True,False,False,True,0,0.05723522,0
1,0,1,1,53,1,0,25.55,1336.1,False,True,False,True,True,False,True,False,True,False,True,False,True,False,True,False,False,True,True,False,False,0,0.010779934,0
0,0,0,0,40,1,0,83.85,3532.25,False,True,True,False,False,False,False,False,False,False,False,False,False,False,False,True,False,False,False,False,False,0,0.34482807,1
0,0,0,0,46,1,1,94.15,4408.45,False,True,True,False,False,False,False,True,False,True,False,False,False,False,False,True,True,False,False,True,False,0,0.21427524,0
1,0,0,0,3,1,1,100.95,329.95,False,True,True,False,False,False,False,False,False,True,False,False,False,True,False,True,False,False,False,True,False,1,0.8692223,1
0,0,0,0,1,1,0,75.3,75.3,False,False,True,False,False,False,False,False,False,True,False,False,False,False,False,False,False,False,False,True,False,1,0.7473149,1
1,0,0,0,7,1,0,19.25,112.3,False,False,False,True,True,False,True,False,True,False,True,False,True,False,True,False,False,False,False,True,False,1,0.048780948,0
1,0,0,0,6,0,1,30.5,208.7,True,False,False,False,False,False,False,True,False,False,False,False,False,False,False,False,False,False,True,False,False,1,0.38017732,1
1,0,0,0,46,1,1,89.15,4245.55,False,True,True,False,False,True,False,False,False,False,False,False,False,True,False,False,False,False,True,False,False,0,0.27064154,1
0,0,1,0,54,1,1,70.15,3715.65,False,True,False,False,False,False,False,False,False,False,False,False,False,True,False,True,True,False,True,False,False,1,0.15241502,0
1,1,0,0,15,1,1,79.4,1156.1,False,False,True,False,False,False,False,False,False,False,False,False,False,False,False,True,False,False,False,True,False,1,0.6128121,1
1,0,0,0,3,1,1,85.3,264.8,False,True,True,False,False,False,False,False,False,False,False,False,False,False,False,True,False,False,False,True,False,1,0.8004218,1
1,0,1,1,70,1,0,20.05,1360.25,False,False,False,True,True,False,True,False,True,False,True,False,True,False,True,False,False,True,True,False,False,0,0.005423835,0
1,0,0,1,39,1,0,100.55,3895.35,False,True,True,False,False,False,False,False,False,False,False,True,False,True,False,True,False,True,False,False,True,0,0.05824753,0
1,0,1,0,2,1,0,20.0,38.0,False,False,False,True,True,False,True,False,True,False,True,False,True,False,True,False,False,False,False,False,True,0,0.13504133,0
1,0,0,0,18,1,1,75.6,1395.05,False,True,True,False,False,False,False,False,False,False,False,False,False,False,False,False,False,False,False,False,False,0,0.3408003,1
1,1,0,0,72,1,1,25.1,1789.9,False,True,False,True,True,False,True,False,True,False,True,False,True,False,True,False,False,True,True,False,False,0,0.0051393257,0
1,0,0,1,47,1,1,55.3,2654.05,False,False,False,False,False,True,False,True,False,False,False,False,False,False,False,False,False,False,False,True,False,0,0.23770227,0
0,0,1,1,22,1,0,19.9,400.3,False,False,False,True,True,False,True,False,True,False,True,False,True,False,True,False,False,False,False,False,True,0,0.0654159,0
1,0,1,1,71,1,0,89.9,6457.15,False,True,False,False,False,True,False,True,False,True,False,True,False,True,False,True,False,True,True,False,False,0,0.005005043,0
1,0,0,0,8,1,1,74.85,572.45,False,True,True,False,False,False,False,False,False,False,False,False,False,False,False,False,False,False,False,True,False,0,0.7209745,1
0,0,1,1,71,1,0,19.9,1389.35,False,False,False,True,True,False,True,False,True,False,True,False,True,False,True,False,False,True,False,False,False,0,0.0042538717,0
0,0,0,0,53,1,1,94.45,5042.75,False,False,True,False,False,False,False,True,False,True,False,True,False,False,False,True,True,False,True,False,False,0,0.09589434,0
1,1,1,0,37,1,1,72.25,2575.45,False,False,True,False,False,False,False,False,False,False,False,False,False,False,False,False,False,False,False,False,False,0,0.39199415,1
1,0,1,0,64,1,1,70.15,4480.7,False,True,False,False,False,False,False,True,False,False,False,True,False,False,False,True,True,False,False,False,True,0,0.061632738,0
1,0,0,1,5,1,1,48.65,235.2,False,False,False,False,False,False,False,False,False,False,False,True,False,False,False,False,False,False,False,False,False,0,0.3178927,1
0,0,0,0,60,1,0,104.7,6333.8,False,True,True,False,False,False,False,True,False,True,False,False,False,True,False,True,False,True,False,True,False,0,0.13267067,0
1,0,0,0,2,1,1,50.3,92.75,False,False,False,False,False,False,False,True,False,False,False,False,False,False,False,False,False,False,False,False,True,0,0.48633328,1
0,0,0,0,25,0,0,54.2,1423.15,True,False,False,False,False,False,False,False,False,True,False,True,False,True,False,True,True,False,False,True,False,0,0.07757209,0
0,0,1,1,6,1,0,19.7,113.5,False,False,False,True,True,False,True,False,True,False,True,False,True,False,True,False,False,False,False,False,True,0,0.09057717,0
1,0,1,1,60,1,1,110.6,6586.85,False,True,True,False,False,True,False,False,False,True,False,True,False,True,False,True,False,True,False,True,False,0,0.09279603,0
0,0,0,0,30,1,1,100.2,2983.8,False,True,True,False,False,False,False,True,False,False,False,False,False,True,False,True,False,False,False,True,False,1,0.53770363,1
1,0,0,0,67,0,1,49.35,3321.35,True,False,False,False,False,True,False,False,False,True,False,True,False,True,False,False,True,False,False,False,False,0,0.026382573,0
1,0,0,0,53,1,0,24.05,1301.9,False,True,False,True,True,False,True,False,True,False,True,False,True,False,True,False,True,False,False,False,False,0,0.023288475,0
0,0,1,1,10,1,0,55.2,528.35,False,False,False,False,False,False,False,False,False,True,False,True,False,False,False,False,False,False,True,False,False,1,0.2871849,1
0,0,0,0,1,1,1,52.2,52.2,False,False,False,False,False,False,False,False,False,False,False,True,False,False,False,False,False,False,False,True,False,1,0.5208736,1
1,0,1,0,55,0,1,54.55,2978.3,True,False,False,False,False,False,False,False,False,True,False,True,False,True,False,True,False,False,False,False,False,1,0.15456189,0
0,0,0,0,70,1,0,84.7,5991.05,False,True,False,False,False,True,False,True,False,True,False,False,False,True,False,True,False,True,False,False,True,0,0.024280356,0
0,0,1,0,34,1,0,50.2,1815.3,False,False,False,False,False,False,False,False,False,False,False,True,False,False,False,False,False,False,False,False,False,0,0.07587745,0
0,0,0,0,68,1,0,110.25,7279.35,False,True,True,False,False,True,False,True,False,False,False,True,False,True,False,True,False,True,True,False,False,0,0.07570245,0
0,0,1,0,59,1,1,109.15,6557.75,False,True,True,False,False,True,False,True,False,True,False,False,False,True,False,True,True,False,True,False,False,0,0.22206825,0
0,0,0,0,9,1,1,74.85,708.2,False,False,True,False,False,True,False,False,False,False,False,False,False,False,False,False,False,False,False,True,False,0,0.52003646,1
1,0,0,0,6,1,1,80.5,463.05,False,False,True,False,False,False,False,False,False,False,False,False,False,True,False,False,False,False,True,False,False,1,0.6535945,1
1,0,1,0,50,1,1,103.95,5231.3,False,True,True,False,False,True,False,False,False,True,False,False,False,True,False,True,True,False,False,True,False,0,0.37300268,1
0,1,1,1,72,1,0,92.45,6440.25,False,True,False,False,False,True,False,True,False,True,False,True,False,True,False,True,False,True,True,False,False,1,0.0045811147,0
1,1,1,0,41,0,1,53.95,2215.4,True,False,False,False,False,False,False,True,False,True,False,False,False,True,False,True,False,False,False,True,False,0,0.47903368,1
1,0,0,0,4,1,1,50.8,202.3,False,False,False,False,False,False,False,False,False,False,False,True,False,False,False,False,False,False,False,False,True,0,0.29664096,1
1,0,1,1,47,0,0,40.3,1794.8,True,False,False,False,False,True,False,False,False,True,False,True,False,False,False,False,True,False,False,True,False,0,0.051126417,0
1,0,1,1,62,1,1,94.95,5791.85,False,True,True,False,False,True,False,True,False,False,False,False,False,True,False,False,True,False,True,False,False,0,0.04600356,0
0,0,1,1,18,1,0,20.45,357.0,False,False,False,True,True,False,True,False,True,False,True,False,True,False,True,False,False,False,False,False,True,0,0.056381572,0
0,0,1,0,3,1,1,75.85,256.6,False,True,True,False,False,False,False,False,False,False,False,False,False,False,False,False,False,False,False,True,False,1,0.76475745,1
1,0,0,0,65,1,1,25.1,1725.0,False,True,False,True,True,False,True,False,True,False,True,False,True,False,True,False,False,True,False,False,False,0,0.010628867,0
1,0,1,0,59,1,0,85.55,5084.65,False,True,True,False,False,False,False,False,False,False,False,False,False,False,False,True,True,False,False,True,False,1,0.16821902,0
0,0,0,0,60,1,1,70.15,4224.7,False,False,False,False,False,False,False,True,False,True,False,True,False,True,False,False,True,False,True,False,False,0,0.032791864,0
0,0,0,0,10,1,1,20.55,187.35,False,False,False,True,True,False,True,False,True,False,True,False,True,False,True,False,False,False,False,False,True,0,0.092859134,0
1,0,1,1,7,0,0,38.55,280.0,True,False,False,False,False,True,False,True,False,True,False,False,False,False,False,False,False,True,False,False,True,0,0.030840963,0
1,0,0,0,28,1,0,91.0,2626.15,False,False,True,False,False,False,False,False,False,True,False,True,False,False,False,True,False,False,False,True,False,0,0.22996853,0
1,1,1,0,29,1,1,79.3,2414.55,False,True,True,False,False,False,False,False,False,False,False,True,False,False,False,False,False,False,False,True,False,0,0.44542563,1
1,0,1,1,0,1,1,19.7,0.0,False,False,False,True,True,False,True,False,True,False,True,False,True,False,True,False,True,False,False,False,True,0,0.12681995,0
0,0,0,0,37,1,0,64.65,2347.85,False,True,False,False,False,True,False,False,False,False,False,False,False,True,False,False,True,False,False,False,False,0,0.03631427,0
0,0,1,1,45,1,1,24.65,1138.8,False,True,False,True,True,False,True,False,True,False,True,False,True,False,True,False,False,True,False,False,False,0,0.017318824,0
1,0,1,0,61,1,1,79.8,4914.8,False,True,False,False,False,False,False,True,False,True,False,False,False,True,False,True,True,False,False,True,False,0,0.15785247,0
0,0,1,0,64,1,0,19.45,1208.6,False,False,False,True,True,False,True,False,True,False,True,False,True,False,True,False,False,True,True,False,False,0,0.016496852,0
1,0,1,1,63,1,1,91.35,5764.7,False,True,True,False,False,False,False,True,False,False,False,False,False,False,False,True,True,False,False,True,False,0,0.18771587,0
0,1,1,0,37,1,1,76.5,2868.15,False,True,True,False,False,False,False,False,False,False,False,False,False,False,False,False,False,False,False,True,False,1,0.52244675,1
0,1,1,0,72,1,0,24.3,1778.7,False,True,False,True,True,False,True,False,True,False,True,False,True,False,True,False,False,True,False,False,False,0,0.0056854943,0
0,0,1,1,66,1,0,89.9,5958.85,False,True,False,False,False,True,False,True,False,True,False,True,False,True,False,True,False,True,True,False,False,0,0.022878313,0
0,0,0,0,1,1,0,95.65,95.65,False,True,True,False,False,False,False,False,False,False,False,False,False,True,False,True,False,False,False,False,True,1,0.8680557,1
0,0,1,0,9,1,1,79.75,769.1,False,False,True,False,False,False,False,False,False,False,False,False,False,False,False,True,False,False,False,True,False,0,0.6214295,1
1,0,0,0,1,0,0,25.35,25.35,True,False,False,False,False,False,False,False,False,False,False,False,False,False,False,False,False,False,False,False,True,0,0.52950466,1
0,1,0,0,4,1,1,99.8,442.85,False,False,True,False,False,False,False,True,False,True,False,False,False,True,False,True,False,False,True,False,False,1,0.75730586,1
0,1,1,0,38,1,1,74.95,2869.85,False,True,True,False,False,False,False,False,False,False,False,False,False,False,False,False,False,False,False,False,False,1,0.3831191,1
1,0,1,1,44,1,1,61.9,2924.05,False,False,False,False,False,False,False,True,False,True,False,True,False,False,False,False,False,False,False,False,True,0,0.09953282,0
0,0,1,0,22,1,1,54.7,1178.75,False,False,False,False,False,False,False,True,False,True,False,False,False,False,False,False,False,False,False,False,True,0,0.21492957,0
0,0,0,0,53,1,1,106.95,5785.5,False,True,True,False,False,True,False,False,False,True,False,False,False,True,False,True,True,False,True,False,False,1,0.26811406,1
1,1,1,0,23,1,1,90.45,2117.25,False,False,True,False,False,False,False,False,False,False,False,False,False,True,False,True,False,False,False,True,False,0,0.54863644,1
0,0,0,0,20,1,1,18.9,347.65,False,False,False,True,True,False,True,False,True,False,True,False,True,False,True,False,False,False,True,False,False,0,0.047693677,0
1,0,0,0,51,1,0,24.75,1234.6,False,True,False,True,True,False,True,False,True,False,True,False,True,False,True,False,False,True,False,False,True,0,0.009819066,0
1,0,1,1,62,1,0,20.65,1218.45,False,False,False,True,True,False,True,False,True,False,True,False,True,False,True,False,False,True,True,False,False,0,0.0063251024,0
1,0,0,0,7,1,1,18.95,130.55,False,False,False,True,True,False,True,False,True,False,True,False,True,False,True,False,False,False,False,False,True,0,0.05176989,0
0,0,0,0,17,1,1,83.55,1329.15,False,False,True,False,False,False,False,True,False,False,False,False,False,True,False,False,False,False,False,True,False,0,0.49519247,1
1,0,0,1,41,1,0,70.2,2894.55,False,False,False,False,False,True,False,True,False,True,False,False,False,True,False,False,True,False,False,False,True,0,0.040683776,0
0,0,0,0,7,1,1,94.05,633.45,False,False,True,False,False,False,False,True,False,False,False,False,False,True,False,True,True,False,False,False,True,0,0.38834268,1
1,0,0,1,1,1,1,50.05,50.05,False,True,False,False,False,False,False,False,False,False,False,False,False,False,False,False,False,False,False,True,False,0,0.6462588,1
0,0,1,0,64,1,0,58.35,3756.45,False,True,False,False,False,False,False,False,False,True,False,True,False,False,False,False,True,False,False,False,False,0,0.018723568,0
0,0,0,0,3,1,1,75.5,220.6,False,True,True,False,False,False,False,False,False,False,False,False,False,False,False,False,False,False,False,True,False,1,0.7489771,1
0,1,1,0,50,1,1,71.05,3444.85,False,False,True,False,False,False,False,False,False,False,False,False,False,False,False,False,False,False,False,True,False,1,0.3414199,1
1,0,1,0,18,1,0,56.8,1074.65,False,True,False,False,False,False,False,True,False,False,False,False,False,False,False,False,False,False,True,False,False,0,0.17717735,0
0,0,1,1,13,1,0,55.95,734.35,False,False,False,False,False,False,False,False,False,False,False,False,False,False,False,True,False,False,False,True,False,1,0.26633164,1
1,0,1,1,69,1,0,80.65,5542.55,False,False,False,False,False,True,False,True,False,False,False,True,False,True,False,True,False,True,False,False,False,0,0.017404467,0
0,0,0,0,1,1,1,79.15,79.15,False,True,True,False,False,False,False,True,False,False,False,False,False,False,False,False,False,False,False,False,True,0,0.8639255,1
1,0,0,0,4,1,0,90.65,367.95,False,True,True,False,False,True,False,False,False,False,False,False,False,True,False,False,False,False,False,True,False,0,0.5278066,1
1,0,0,0,1,1,1,53.5,53.5,False,False,False,False,False,False,False,False,False,False,False,False,False,True,False,False,False,False,False,False,True,1,0.543769,1
1,0,1,1,25,1,0,53.65,1355.45,False,False,False,False,False,False,False,True,False,True,False,False,False,False,False,False,True,False,False,False,True,0,0.0655335,0
0,0,1,1,18,1,0,55.95,1082.8,False,False,False,False,False,False,False,False,False,False,False,False,False,True,False,False,False,False,False,False,True,0,0.17513905,0
1,0,1,1,48,1,0,23.55,1173.35,False,True,False,True,True,False,True,False,True,False,True,False,True,False,True,False,False,True,False,False,True,0,0.017570231,0
1,0,0,0,26,1,1,20.65,595.5,False,False,False,True,True,False,True,False,True,False,True,False,True,False,True,False,True,False,True,False,False,0,0.023755655,0
1,0,0,0,1,1,1,69.1,69.1,False,False,True,False,False,False,False,False,False,False,False,False,False,False,False,False,False,False,False,True,False,1,0.8596129,1
0,0,0,1,4,0,1,57.2,223.75,True,False,False,False,False,True,False,True,False,True,False,False,False,True,False,True,False,False,False,False,True,0,0.41712013,1
1,0,0,0,1,1,0,20.3,20.3,False,False,False,True,True,False,True,False,True,False,True,False,True,False,True,False,False,False,False,False,True,0,0.3016201,1
1,0,1,1,11,1,1,74.35,834.2,False,True,True,False,False,False,False,False,False,False,False,False,False,False,False,False,False,False,False,True,False,1,0.659189,1
1,0,1,1,4,1,0,61.45,229.55,False,False,False,False,False,False,False,False,False,False,False,True,False,False,False,True,False,False,True,False,False,1,0.21262383,0
0,1,0,0,8,1,0,19.65,164.3,False,False,False,True,True,False,True,False,True,False,True,False,True,False,True,False,False,False,False,True,False,1,0.15482645,0
0,0,1,0,6,1,1,90.75,512.25,False,True,True,False,False,False,False,True,False,False,False,False,False,False,False,True,False,False,False,True,False,0,0.82060385,1
1,0,0,0,72,1,0,92.0,6632.75,False,True,False,False,False,True,False,True,False,True,False,True,False,True,False,True,False,True,False,False,False,0,0.0036720138,0
0,0,0,0,27,1,0,52.85,1498.65,False,False,False,False,False,True,False,True,False,False,False,False,False,False,False,False,False,True,False,False,False,0,0.021585163,0
0,1,0,1,1,1,1,71.0,71.0,False,False,True,False,False,False,False,False,False,False,False,False,False,False,False,False,False,False,False,True,False,1,0.8246438,1
0,0,0,0,17,1,0,20.15,353.65,False,False,False,True,True,False,True,False,True,False,True,False,True,False,True,False,True,False,False,False,True,0,0.029724848,0
1,0,0,0,66,1,0,68.75,4447.55,False,True,False,False,False,True,False,True,False,True,False,True,False,False,False,False,False,True,False,False,False,0,0.0074756187,0
1,0,0,0,53,1,0,19.5,1050.5,False,False,False,True,True,False,True,False,True,False,True,False,True,False,True,False,False,True,True,False,False,0,0.029164208,0
1,0,1,0,44,1,1,84.8,3626.35,False,True,True,False,False,True,False,False,False,True,False,False,False,False,False,False,False,False,True,False,False,0,0.2586281,1
1,0,1,1,52,1,1,20.85,1071.6,False,False,False,True,True,False,True,False,True,False,True,False,True,False,True,False,True,False,True,False,False,0,0.03063419,0
1,1,1,0,70,1,0,90.05,6333.4,False,True,False,False,False,True,False,True,False,True,False,True,False,True,False,True,False,True,True,False,False,0,0.039380755,0
0,0,0,0,1,1,1,25.75,25.75,False,True,False,True,True,False,True,False,True,False,True,False,True,False,True,False,False,False,False,False,True,0,0.28666246,1
1,0,1,0,61,1,1,94.1,5638.3,False,True,True,False,False,False,False,True,False,False,False,True,False,True,False,False,False,True,False,True,False,1,0.07013247,0
1,0,1,1,19,1,1,100.95,1875.55,False,True,True,False,False,False,False,False,False,False,False,True,False,True,False,True,True,False,False,True,False,1,0.4613822,1
0,0,1,1,11,1,0,20.6,233.9,False,False,False,True,True,False,True,False,True,False,True,False,True,False,True,False,True,False,False,False,True,0,0.025598085,0
1,0,0,0,26,1,1,85.75,2146.5,False,False,True,False,False,False,False,True,False,False,False,False,False,True,False,False,False,False,False,True,False,0,0.5021172,1
0,0,0,0,60,1,0,19.85,1128.1,False,False,False,True,True,False,True,False,True,False,True,False,True,False,True,False,False,True,False,False,False,0,0.02079879,0
1,0,0,0,1,1,1,84.85,84.85,False,False,True,False,False,False,False,False,False,True,False,False,False,True,False,False,False,False,False,True,False,1,0.8752396,1
1,0,0,0,26,1,1,92.4,2349.8,False,True,True,False,False,True,False,True,False,False,False,False,False,True,False,False,False,False,True,False,False,0,0.40174156,1
1,1,0,0,24,1,1,80.5,2088.45,False,True,True,False,False,False,False,True,False,False,False,False,False,False,False,False,False,False,False,True,False,0,0.53069115,1
1,0,1,1,22,1,1,100.05,2090.25,False,False,True,False,False,False,False,True,False,True,False,False,False,True,False,True,True,False,False,False,True,0,0.3418745,1
0,0,1,0,51,1,1,98.85,4947.55,False,True,True,False,False,False,False,False,False,True,False,False,False,True,False,True,True,False,False,True,False,0,0.35620707,1
1,1,1,0,61,1,1,85.55,5251.75,False,True,True,False,False,False,False,True,False,False,False,True,False,False,False,False,True,False,False,False,False,0,0.045249797,0
1,0,1,0,44,0,0,54.3,2390.45,True,False,False,False,False,False,False,True,False,True,False,False,False,True,False,True,False,True,False,False,False,0,0.075469196,0
0,0,1,1,0,1,0,80.85,0.0,False,False,False,False,False,True,False,True,False,True,False,False,False,True,False,True,False,True,False,False,True,0,0.04015932,0
0,0,0,0,5,1,1,75.65,399.45,False,False,True,False,False,False,False,False,False,False,False,True,False,False,False,False,False,False,False,False,True,0,0.54462916,1
0,0,1,0,1,1,0,78.8,78.8,False,False,True,False,False,False,False,False,False,False,False,False,False,True,False,False,False,False,False,True,False,1,0.8480727,1
1,0,0,0,26,1,0,61.55,1581.95,False,True,False,False,False,True,False,True,False,False,False,False,False,False,False,False,True,False,False,True,False,0,0.091422275,0
0,0,0,0,15,1,1,84.35,1302.65,False,True,True,False,False,True,False,False,False,True,False,False,False,False,False,False,False,False,True,False,False,0,0.44234157,1
1,0,1,0,4,1,1,80.35,307.4,False,False,True,False,False,False,False,False,False,False,False,False,False,True,False,False,False,False,False,True,False,1,0.69471437,1
1,0,1,0,12,1,1,84.6,959.9,False,False,True,False,False,True,False,True,False,True,False,False,False,False,False,False,False,False,False,True,False,0,0.47229376,1
1,0,0,1,1,1,1,49.9,49.9,False,False,False,False,False,False,False,False,False,False,False,True,False,False,False,False,False,False,False,False,True,1,0.30626217,1
1,0,1,1,22,1,1,57.95,1271.8,False,False,False,False,False,True,False,True,False,False,False,True,False,False,False,False,False,False,False,False,True,0,0.10654418,0
1,0,1,0,49,0,0,49.65,2409.9,True,False,False,False,False,False,False,True,False,False,False,False,False,True,False,True,False,True,True,False,False,0,0.056338307,0
1,0,0,0,13,1,0,19.75,265.75,False,False,False,True,True,False,True,False,True,False,True,False,True,False,True,False,False,True,False,False,True,0,0.021006646,0
0,0,1,0,66,1,1,90.55,6130.95,False,True,True,False,False,False,False,True,False,True,False,True,False,False,False,False,True,False,False,False,False,0,0.0572386,0
1,0,1,0,62,0,1,39.0,2337.45,True,False,False,False,False,False,False,False,False,False,False,True,False,True,False,False,False,True,False,False,False,0,0.0330758,0
1,0,1,1,66,1,1,63.3,4189.7,False,True,False,False,False,False,False,False,False,True,False,False,False,True,False,False,False,True,False,False,False,0,0.013564414,0
0,0,0,0,3,0,0,35.2,108.95,True,False,False,False,False,False,False,False,False,False,False,False,False,True,False,False,False,False,True,False,False,1,0.41868547,1
1,0,0,0,63,1,0,68.8,4111.35,False,True,False,False,False,True,False,True,False,True,False,True,False,False,False,False,True,False,False,False,False,0,0.02025096,0
1,0,1,1,15,1,0,19.35,278.85,False,False,False,True,True,False,True,False,True,False,True,False,True,False,True,False,False,True,False,False,True,0,0.02228578,0
0,0,1,0,43,1,1,94.1,4107.3,False,True,True,False,False,True,False,True,False,False,False,False,False,False,False,True,False,False,False,True,False,0,0.35137817,1
1,1,0,0,65,1,1,109.05,7108.2,False,True,True,False,False,True,False,False,False,True,False,True,False,True,False,True,False,True,False,True,False,0,0.33264118,1
0,0,0,0,2,1,1,85.7,169.8,False,True,True,False,False,False,False,False,False,False,False,False,False,False,False,True,False,False,False,True,False,1,0.82600814,1
0,0,0,0,14,1,0,50.1,709.5,False,False,False,False,False,True,False,False,False,False,False,False,False,False,False,False,False,False,False,False,False,0,0.14891325,0
0,0,1,1,68,1,1,109.05,7508.55,False,True,True,False,False,True,False,False,False,True,False,True,False,True,False,True,False,True,False,False,False,0,0.20871064,0
1,0,0,0,20,1,1,19.6,356.15,False,False,False,True,True,False,True,False,True,False,True,False,True,False,True,False,False,False,True,False,False,0,0.08864948,0
0,0,1,1,57,1,0,65.2,3687.85,False,True,False,False,False,True,False,True,False,False,False,True,False,False,False,False,False,False,False,False,False,0,0.047484957,0
1,0,0,0,72,1,1,19.8,1468.75,False,False,False,True,True,False,True,False,True,False,True,False,True,False,True,False,False,True,True,False,False,0,0.0033511082,0
1,0,0,0,6,1,1,84.4,556.35,False,False,True,False,False,False,False,True,False,False,False,False,False,False,False,True,False,False,False,True,False,1,0.6992771,1
1,0,0,0,53,1,1,73.9,3958.25,False,True,False,False,False,False,False,True,False,True,False,True,False,False,False,True,False,True,False,False,False,0,0.017005624,0
0,0,1,1,57,1,1,70.1,3913.3,False,False,False,False,False,True,False,False,False,False,False,False,False,True,False,True,True,False,False,False,False,1,0.06878961,0
1,0,0,0,1,1,1,20.1,20.1,False,False,False,True,True,False,True,False,True,False,True,False,True,False,True,False,False,False,False,False,True,1,0.48904234,1
1,0,0,0,15,1,1,49.0,749.25,False,True,False,False,False,False,False,False,False,False,False,False,False,False,False,False,False,False,False,True,False,0,0.48538914,1
0,1,0,0,40,1,1,79.2,3233.85,False,False,True,False,False,True,False,True,False,False,False,False,False,False,False,False,False,False,True,False,False,1,0.3171712,1
1,0,0,0,71,0,0,53.95,3888.65,True,False,False,False,False,True,False,True,False,True,False,True,False,True,False,False,False,True,False,False,False,0,0.0062433565,0
0,1,1,0,13,0,0,45.3,528.45,True,False,False,False,False,False,False,False,False,False,False,False,False,True,False,True,False,False,False,True,False,0,0.55112815,1
0,0,1,0,72,1,1,91.15,6637.9,False,True,False,False,False,True,False,True,False,True,False,True,False,True,False,True,False,True,False,False,False,0,0.004036699,0
0,0,1,1,52,1,1,95.7,4976.15,False,True,True,False,False,False,False,True,False,True,False,False,False,True,False,False,True,False,True,False,False,0,0.082805276,0
0,0,1,0,63,1,1,81.15,5224.5,False,False,True,False,False,True,False,False,False,True,False,False,False,False,False,False,True,False,True,False,False,0,0.03756165,0
1,0,0,0,29,1,0,19.1,529.5,False,False,False,True,True,False,True,False,True,False,True,False,True,False,True,False,True,False,False,False,True,0,0.0054381504,0
0,0,0,0,29,1,0,100.55,2878.75,False,True,True,False,False,False,False,False,False,True,False,False,False,True,False,True,False,False,False,False,False,0,0.44345868,1
1,0,0,0,3,1,1,20.75,67.1,False,False,False,True,True,False,True,False,True,False,True,False,True,False,True,False,False,False,True,False,False,0,0.1781643,0
1,0,1,1,19,1,0,20.6,414.95,False,False,False,True,True,False,True,False,True,False,True,False,True,False,True,False,False,False,False,False,True,0,0.056381572,0
1,0,1,1,61,1,1,99.9,6241.35,False,True,True,False,False,False,False,False,False,True,False,False,False,True,False,True,True,False,False,True,False,0,0.37025806,1
0,0,0,0,10,1,0,54.25,583.0,False,False,False,False,False,False,False,False,False,True,False,True,False,False,False,False,False,False,False,True,False,0,0.28204757,1
0,0,1,0,67,1,1,109.7,7344.45,False,True,True,False,False,False,False,True,False,True,False,True,False,True,False,True,True,False,True,False,False,0,0.16224685,0
1,0,0,0,42,1,1,19.55,839.4,False,False,False,True,True,False,True,False,True,False,True,False,True,False,True,False,True,False,False,False,True,0,0.025999455,0
0,0,0,0,1,1,1,75.7,75.7,False,False,True,False,False,False,False,True,False,False,False,False,False,False,False,False,False,False,False,True,False,1,0.86910117,1
0,0,0,0,5,1,1,84.0,424.75,False,True,True,False,False,False,False,False,False,False,False,False,False,True,False,False,False,False,False,True,False,0,0.7997199,1
0,0,0,0,20,1,0,19.5,403.15,False,False,False,True,True,False,True,False,True,False,True,False,True,False,True,False,True,False,False,False,True,0,0.03307351,0
1,1,0,0,1,1,1,69.5,69.5,False,False,True,False,False,False,False,False,False,False,False,False,False,False,False,False,False,False,False,False,False,1,0.83291894,1
1,0,0,0,6,1,1,78.95,494.95,False,False,True,False,False,True,False,True,False,False,False,False,False,False,False,False,False,False,False,True,False,0,0.5438626,1
1,0,0,0,34,1,1,106.35,3549.25,False,True,True,False,False,False,False,True,False,True,False,False,False,True,False,True,False,False,False,True,False,1,0.55489147,1
1,0,0,0,21,1,0,19.6,390.4,False,False,False,True,True,False,True,False,True,False,True,False,True,False,True,False,False,True,False,False,True,0,0.019098287,0
1,0,0,0,46,1,0,108.65,4903.2,False,True,True,False,False,False,False,True,False,True,False,True,False,True,False,True,False,True,False,True,False,0,0.23738118,0
1,0,1,1,34,1,1,97.7,3410.0,False,True,True,False,False,False,False,True,False,False,False,False,False,True,False,True,False,False,False,False,False,0,0.43559,1
1,0,0,1,29,0,1,45.0,1242.45,True,False,False,False,False,True,False,True,False,True,False,True,False,False,False,False,False,False,False,False,True,0,0.0695633,0
1,0,1,1,27,1,1,80.65,2209.75,False,False,True,False,False,True,False,True,False,False,False,False,False,False,False,False,True,False,True,False,False,0,0.08046319,0
0,0,1,1,72,1,0,89.8,6510.45,False,True,False,False,False,True,False,True,False,True,False,True,False,True,False,True,False,True,True,False,False,0,0.0029073681,0
0,0,0,0,42,1,0,54.55,2455.05,False,False,False,False,False,True,False,False,False,True,False,False,False,False,False,False,False,False,True,False,False,0,0.115453646,0
0,1,0,0,27,1,1,78.05,2135.5,False,True,True,False,False,False,False,False,False,True,False,False,False,False,False,False,False,False,False,True,False,1,0.5064913,1
1,0,1,0,66,1,1,66.1,4428.45,False,True,False,False,False,True,False,True,False,True,False,False,False,False,False,False,False,True,True,False,False,0,0.0099648535,0
0,0,0,0,2,1,1,75.55,166.3,False,True,True,False,False,False,False,False,False,False,False,False,False,False,False,False,False,False,False,True,False,1,0.7489771,1
1,0,0,0,32,1,1,96.2,3183.4,False,False,True,False,False,False,False,False,False,False,False,True,False,True,False,True,False,False,False,True,False,1,0.43201545,1
1,1,0,0,14,1,1,74.95,1036.75,False,True,True,False,False,False,False,False,False,False,False,False,False,False,False,False,False,False,False,True,False,1,0.67873895,1
1,0,0,0,19,1,0,89.95,1682.4,False,False,True,False,False,False,False,False,False,True,False,True,False,True,False,False,False,False,False,False,True,0,0.26061374,1
1,0,0,1,48,1,1,64.4,3035.35,False,True,False,False,False,True,False,True,False,True,False,False,False,False,False,False,True,False,False,False,False,0,0.042562086,0
1,0,0,0,4,1,1,73.9,280.85,False,False,True,False,False,False,False,False,False,True,False,False,False,False,False,False,False,False,False,True,False,1,0.6285579,1
1,1,1,0,57,1,1,89.85,4925.35,False,True,True,False,False,False,False,True,False,False,False,False,False,False,False,True,False,False,False,True,False,0,0.35200545,1
1,0,1,1,58,1,1,75.2,4300.8,False,False,False,False,False,False,False,True,False,False,False,True,False,True,False,True,True,False,True,False,False,0,0.059935383,0
0,1,1,0,56,1,1,68.45,4014.0,False,True,False,False,False,True,False,True,False,True,False,True,False,False,False,False,True,False,True,False,False,0,0.032382786,0
0,0,1,1,69,1,0,19.75,1375.4,False,False,False,True,True,False,True,False,True,False,True,False,True,False,True,False,False,True,False,False,False,0,0.009140309,0
1,0,1,1,10,0,0,53.7,521.0,True,False,False,False,False,True,False,True,False,True,False,True,False,False,False,True,False,True,True,False,False,0,0.019030107,0
0,0,1,1,3,1,1,80.0,241.3,False,False,True,False,False,False,False,True,False,False,False,True,False,False,False,False,False,False,False,True,False,0,0.6434844,1
1,0,0,0,35,1,0,26.2,954.9,False,True,False,True,True,False,True,False,True,False,True,False,True,False,True,False,True,False,False,False,False,0,0.019666713,0
0,0,1,1,11,1,1,19.25,180.3,False,False,False,True,True,False,True,False,True,False,True,False,True,False,True,False,False,False,False,False,True,1,0.040039897,0
1,0,1,0,56,1,1,100.55,5514.95,False,True,True,False,False,True,False,False,False,False,False,False,False,True,False,True,True,False,False,True,False,0,0.3043038,1
1,0,1,1,51,1,1,24.95,1222.25,False,True,False,True,True,False,True,False,True,False,True,False,True,False,True,False,False,True,False,False,True,0,0.008581351,0
1,1,0,0,36,1,1,90.85,3186.7,False,True,True,False,False,True,False,False,False,False,False,False,False,True,False,False,False,False,False,True,False,1,0.43473002,1
1,0,0,1,5,1,0,20.45,106.9,False,False,False,True,True,False,True,False,True,False,True,False,True,False,True,False,False,True,False,False,True,0,0.016236823,0
1,0,1,1,1,1,0,20.4,20.4,False,False,False,True,True,False,True,False,True,False,True,False,True,False,True,False,True,False,False,False,True,0,0.08448541,0
1,1,1,0,7,1,1,74.4,527.9,False,True,True,False,False,False,False,False,False,False,False,False,False,False,False,False,False,False,False,False,True,1,0.6871021,1
1,0,1,0,69,1,1,53.65,3804.4,False,False,False,False,False,True,False,True,False,False,False,False,False,False,False,False,True,False,True,False,False,0,0.022497736,0
1,0,1,1,22,1,1,67.5,1544.05,False,False,False,False,False,True,False,False,False,True,False,True,False,True,False,False,True,False,False,False,False,1,0.05000067,0
0,0,0,0,63,1,0,24.2,1618.2,False,True,False,True,True,False,True,False,True,False,True,False,True,False,True,False,False,True,False,False,True,0,0.008360992,0
0,0,1,1,55,1,1,75.75,4264.25,False,True,False,False,False,True,False,True,False,False,False,True,False,False,False,True,True,False,False,False,False,0,0.06326064,0
0,0,0,0,3,1,0,57.55,161.45,False,False,False,False,False,False,False,False,False,True,False,False,False,True,False,False,False,False,False,True,False,0,0.41478136,1
1,0,1,1,67,1,0,81.35,5398.6,False,False,False,False,False,True,False,True,False,True,False,False,False,True,False,True,False,True,True,False,False,0,0.04970373,0
0,0,0,0,3,0,0,25.25,58.9,True,False,False,False,False,False,False,False,False,False,False,False,False,False,False,False,False,False,False,True,False,1,0.46399787,1
1,0,0,0,1,1,0,19.75,19.75,False,False,False,True,True,False,True,False,True,False,True,False,True,False,True,False,False,False,False,False,True,0,0.3214923,1
1,0,0,0,16,1,1,89.05,1448.6,False,True,True,False,False,False,False,False,False,False,False,True,False,False,False,True,False,False,True,False,False,1,0.43024534,1
1,0,0,1,62,1,1,104.05,6590.5,False,True,True,False,False,False,False,False,False,True,False,True,False,True,False,True,False,True,False,True,False,0,0.18348497,0
0,0,0,0,8,1,1,65.5,573.15,False,True,False,False,False,True,False,True,False,True,False,False,False,False,False,False,False,False,False,False,False,0,0.13705301,0
1,0,0,1,9,1,0,20.1,190.25,False,False,False,True,True,False,True,False,True,False,True,False,True,False,True,False,True,False,False,False,True,0,0.03602024,0
0,0,1,0,6,1,0,19.5,146.3,False,False,False,True,True,False,True,False,True,False,True,False,True,False,True,False,False,False,False,False,False,1,0.10056612,0
0,0,0,0,28,1,0,59.0,1654.45,False,True,False,False,False,True,False,False,False,True,False,False,False,False,False,False,True,False,False,False,True,0,0.025834499,0
1,0,0,0,26,1,0,19.4,525.55,False,False,False,True,True,False,True,False,True,False,True,False,True,False,True,False,True,False,False,False,True,0,0.03504729,0
1,0,1,1,38,1,1,101.15,3956.7,False,True,True,False,False,False,False,False,False,True,False,False,False,True,False,True,False,False,True,False,False,0,0.49679193,1
0,0,0,0,18,1,1,50.3,913.3,False,True,False,False,False,False,False,False,False,False,False,False,False,False,False,False,False,False,False,True,False,0,0.42766255,1
0,0,1,1,3,0,1,31.0,95.05,True,False,False,False,False,False,False,False,False,False,False,True,False,False,False,False,False,False,False,False,True,1,0.3224179,1
1,0,1,0,3,0,0,25.0,78.25,True,False,False,False,False,False,False,False,False,False,False,False,False,False,False,False,False,False,False,False,True,0,0.42373368,1
1,0,1,0,70,1,0,72.95,5265.55,False,True,False,False,False,False,False,True,False,True,False,True,False,True,False,False,False,True,False,False,False,0,0.04765099,0
1,0,1,1,67,1,1,69.35,4653.25,False,True,False,False,False,True,False,True,False,True,False,True,False,False,False,False,True,False,True,False,False,0,0.0238329,0
1,0,0,1,71,1,0,24.35,1654.6,False,True,False,True,True,False,True,False,True,False,True,False,True,False,True,False,False,True,False,False,True,0,0.0041384837,0
1,0,0,1,16,1,1,69.1,1083.7,False,True,False,False,False,True,False,True,False,False,False,False,False,False,False,True,False,False,False,True,False,0,0.32225016,1
0,0,1,1,10,1,1,65.5,616.9,False,False,False,False,False,False,False,True,False,False,False,True,False,False,False,True,False,False,False,True,False,0,0.23812056,0
1,0,0,0,1,1,1,90.85,90.85,False,True,True,False,False,False,False,True,False,False,False,False,False,False,False,True,False,False,True,False,False,1,0.8941368,1
1,0,1,1,12,1,1,56.3,628.65,False,False,False,False,False,False,False,False,False,False,False,False,False,True,False,False,False,False,False,False,True,0,0.25458878,1
0,0,0,0,5,1,0,53.85,259.8,False,False,False,False,False,True,False,False,False,False,False,True,False,False,False,False,False,False,True,False,False,1,0.29336163,1
0,1,1,0,40,1,1,99.2,4062.2,False,False,True,False,False,False,False,True,False,False,False,True,False,True,False,True,True,False,True,False,False,1,0.25538492,1
1,1,1,0,21,1,1,64.95,1339.8,False,False,False,False,False,True,False,True,False,False,False,False,False,False,False,True,False,False,False,False,False,0,0.17048137,0
1,0,0,0,9,1,1,68.25,576.95,False,False,False,False,False,True,False,False,False,True,False,True,False,False,False,True,False,False,False,False,False,0,0.13902384,0
0,0,1,0,7,1,1,50.3,355.1,False,False,False,False,False,True,False,False,False,False,False,False,False,False,False,False,False,False,False,False,False,0,0.22339626,0
0,0,0,0,38,1,0,20.05,678.2,False,False,False,True,True,False,True,False,True,False,True,False,True,False,True,False,True,False,False,False,True,0,0.02019261,0
1,0,0,0,1,1,1,50.5,50.5,False,False,False,False,False,False,False,False,False,True,False,False,False,False,False,False,False,False,False,True,False,1,0.6572181,1
1,0,0,0,7,1,1,74.9,490.55,False,False,True,False,False,False,False,False,False,True,False,False,False,False,False,False,False,False,False,True,False,0,0.6247549,1
0,0,0,0,2,1,1,70.95,137.95,False,False,True,False,False,False,False,False,False,False,False,False,False,False,False,False,False,False,False,True,False,1,0.63979334,1
0,0,0,0,56,1,1,19.55,1080.55,False,False,False,True,True,False,True,False,True,False,True,False,True,False,True,False,False,True,False,False,False,0,0.029747201,0
0,0,1,0,6,1,0,50.35,314.55,False,True,False,False,False,False,False,False,False,False,False,False,False,False,False,False,False,False,False,True,False,0,0.38385907,1
0,0,0,0,63,1,0,58.55,3503.5,False,False,False,False,False,False,False,False,False,True,False,False,False,False,False,True,True,False,True,False,False,0,0.05367375,0
0,0,0,0,64,1,1,110.5,7069.25,False,True,True,False,False,False,False,True,False,True,False,True,False,True,False,True,False,True,True,False,False,0,0.06325036,0
1,0,1,0,29,0,1,45.9,1332.4,True,False,False,False,False,False,False,False,False,False,False,False,False,True,False,True,False,False,False,True,False,0,0.31035867,1
1,0,0,0,32,1,1,85.65,2664.3,False,True,True,False,False,False,False,False,False,False,False,False,False,False,False,True,False,False,False,False,False,0,0.38820687,1
0,1,0,0,2,1,1,84.05,186.05,False,True,True,False,False,False,False,False,False,False,False,False,False,False,False,True,False,False,False,True,False,0,0.8371398,1
1,0,1,0,60,1,1,94.4,5610.25,False,False,True,False,False,False,False,True,False,False,False,False,False,True,False,True,True,False,False,True,False,1,0.18959935,0
1,0,0,0,22,1,0,65.05,1427.55,False,True,False,False,False,True,False,True,False,True,False,False,False,False,False,False,False,False,False,False,True,0,0.12449588,0
1,0,0,0,11,0,1,35.65,425.1,True,False,False,False,False,False,False,True,False,False,False,True,False,False,False,False,False,False,False,True,False,0,0.30620533,1
1,1,1,0,57,1,1,90.65,5199.8,False,False,True,False,False,False,False,True,False,True,False,False,False,True,False,False,True,False,False,True,False,0,0.16724454,0
1,0,0,0,1,1,1,44.15,44.15,False,False,False,False,False,False,False,False,False,False,False,False,False,False,False,False,False,False,False,False,True,1,0.5169442,1
0,0,0,0,62,1,1,19.2,1123.65,False,False,False,True,True,False,True,False,True,False,True,False,True,False,True,False,False,True,True,False,False,0,0.007897549,0
0,0,1,0,47,1,1,98.75,4533.7,False,True,True,False,False,True,False,True,False,True,False,False,False,True,False,False,False,False,False,True,False,1,0.45630953,1
0,0,1,1,61,1,0,88.1,5526.75,False,True,False,False,False,True,False,True,False,True,False,True,False,True,False,True,False,True,False,False,True,0,0.0101001505,0
0,0,0,0,3,1,1,70.15,194.2,False,False,True,False,False,False,False,False,False,False,False,False,False,False,False,False,False,False,False,True,False,0,0.63515943,1
1,0,1,1,64,1,0,81.05,5135.35,False,False,True,False,False,True,False,True,False,False,False,False,False,False,False,False,False,False,False,True,False,0,0.11832558,0
0,0,1,1,6,1,1,94.05,518.75,False,True,True,False,False,False,False,True,False,True,False,False,False,True,False,False,False,False,False,False,True,0,0.7980442,1
0,0,1,1,56,1,0,20.05,1090.1,False,False,False,True,True,False,True,False,True,False,True,False,True,False,True,False,False,True,False,False,True,0,0.017448476,0
0,0,1,1,27,1,0,49.85,1336.15,False,False,False,False,False,False,False,True,False,False,False,False,False,False,False,False,False,False,False,False,True,0,0.10567678,0
0,0,1,0,46,0,0,45.55,2062.15,True,False,False,False,False,True,False,True,False,False,False,False,False,True,False,False,False,False,False,True,False,0,0.20580584,0
1,1,0,0,1,1,0,45.1,45.1,False,False,False,False,False,False,False,False,False,False,False,False,False,False,False,False,False,False,False,True,False,1,0.6786645,1
1,0,0,0,11,1,0,20.4,231.45,False,False,False,True,True,False,True,False,True,False,True,False,True,False,True,False,False,True,False,False,True,0,0.014918378,0
1,0,1,0,32,1,1,98.85,3145.9,False,True,True,False,False,False,False,True,False,False,False,False,False,True,False,True,False,False,True,False,False,0,0.479949,1
1,0,0,0,4,1,0,77.85,299.2,False,False,True,False,False,False,False,False,False,False,False,False,False,True,False,False,False,False,False,True,False,1,0.6006177,1
1,0,0,0,24,1,1,55.65,1400.55,False,True,False,False,False,True,False,False,False,False,False,False,False,False,False,False,False,False,False,False,False,1,0.08999579,0
1,0,0,0,35,1,1,108.95,4025.5,False,True,True,False,False,True,False,False,False,True,False,True,False,True,False,True,False,True,False,True,False,0,0.35593495,1
0,0,0,1,46,1,1,105.2,4822.85,False,False,True,False,False,True,False,True,False,False,False,True,False,True,False,True,True,False,False,False,False,1,0.13977015,0
1,0,1,1,1,1,1,70.0,70.0,False,False,True,False,False,False,False,False,False,False,False,False,False,False,False,False,False,False,False,True,False,1,0.83667415,1
0,0,1,0,72,1,1,110.15,7881.2,False,True,True,False,False,True,False,False,False,True,False,True,False,True,False,True,False,True,True,False,False,0,0.009049575,0
0,1,1,0,63,1,1,103.5,6479.4,False,True,True,False,False,False,False,True,False,True,False,False,False,True,False,True,False,False,False,True,False,0,0.33438855,1
0,0,1,0,21,1,1,86.5,1808.7,False,True,True,False,False,False,False,False,False,False,False,False,False,False,False,True,False,False,False,True,False,1,0.54467475,1
1,0,1,1,37,0,1,40.2,1525.35,True,False,False,False,False,True,False,False,False,True,False,True,False,False,False,False,True,False,False,True,False,0,0.060629793,0
1,0,0,0,55,1,1,100.9,5552.05,False,False,True,False,False,True,False,True,False,False,False,False,False,True,False,True,True,False,False,False,True,0,0.18922314,0
1,0,1,0,14,1,1,66.6,979.5,False,True,False,False,False,False,False,False,False,False,False,True,False,True,False,False,False,False,True,False,False,0,0.15707493,0
1,0,1,1,53,1,0,71.85,3827.9,False,True,False,False,False,True,False,False,False,False,False,True,False,False,False,True,False,False,False,True,False,0,0.085284576,0
0,0,1,1,50,1,1,84.15,4164.4,False,True,False,False,False,False,False,True,False,True,False,True,False,True,False,True,True,False,True,False,False,0,0.1088386,0
1,1,1,0,38,1,1,102.6,4009.2,False,True,True,False,False,False,False,True,False,True,False,False,False,True,False,True,False,False,False,True,False,0,0.5605165,1
0,1,0,0,30,1,1,99.7,2967.35,False,True,True,False,False,False,False,True,False,False,False,False,False,True,False,True,False,False,False,True,False,1,0.541988,1
0,0,0,0,28,1,1,59.9,1654.7,False,False,False,False,False,True,False,True,False,False,False,True,False,False,False,False,True,False,False,True,False,0,0.06734548,0
1,1,1,0,46,0,1,59.9,2816.65,True,False,False,False,False,False,False,True,False,True,False,True,False,True,False,True,True,False,False,False,False,1,0.21345267,0
0,0,0,0,67,1,0,20.55,1343.4,False,False,False,True,True,False,True,False,True,False,True,False,True,False,True,False,True,False,False,True,False,0,0.018621191,0
0,0,0,0,1,1,0,45.95,45.95,False,False,False,False,False,False,False,False,False,False,False,False,False,False,False,False,False,False,False,False,True,1,0.48821712,1
1,0,1,0,50,1,0,19.8,1013.2,False,False,False,True,True,False,True,False,True,False,True,False,True,False,True,False,False,True,False,True,False,0,0.025913365,0
0,0,1,0,56,1,1,98.0,5270.6,False,True,True,False,False,True,False,False,False,False,False,False,False,True,False,True,True,False,False,True,False,0,0.21992007,0
1,0,0,0,1,1,0,19.95,19.95,False,False,False,True,True,False,True,False,True,False,True,False,True,False,True,False,False,False,False,False,True,0,0.40423703,1
1,0,1,0,3,0,0,35.1,101.1,True,False,False,False,False,True,False,False,False,False,False,True,False,False,False,False,False,False,False,False,True,0,0.22701325,0
0,0,1,0,72,1,1,109.55,8165.1,False,True,True,False,False,True,False,True,False,True,False,False,False,True,False,True,False,True,False,True,False,0,0.030432036,0
0,0,0,0,48,1,1,60.35,2896.4,False,False,False,False,False,True,False,False,False,True,False,True,False,False,False,False,True,False,True,False,False,1,0.040456515,0
1,0,0,0,9,0,0,39.55,373.0,True,False,False,False,False,True,False,True,False,True,False,False,False,False,False,False,True,False,False,False,True,0,0.07123747,0
1,0,0,0,19,1,0,69.6,1394.55,False,True,False,False,False,False,False,False,False,False,False,False,False,True,False,True,False,False,False,False,True,0,0.1584196,0
1,0,1,1,46,1,0,81.0,3846.35,False,False,False,False,False,True,False,False,False,True,False,True,False,True,False,True,False,True,False,False,True,0,0.010286699,0
1,0,1,0,56,1,1,107.25,6033.3,False,True,True,False,False,False,False,True,False,False,False,True,False,True,False,True,True,False,False,True,False,0,0.27257803,1
1,0,0,0,35,1,0,83.15,2848.45,False,True,True,False,False,False,False,False,False,False,False,False,False,True,False,False,False,False,False,True,False,0,0.45241386,1
0,0,0,0,25,1,0,19.8,475.2,False,False,False,True,True,False,True,False,True,False,True,False,True,False,True,False,False,True,True,False,False,0,0.015713869,0
0,0,0,0,21,1,1,68.65,1493.2,False,False,True,False,False,False,False,False,False,False,False,False,False,False,False,False,False,False,False,True,False,0,0.41825256,1
1,0,1,1,71,1,0,25.35,1847.55,False,True,False,True,True,False,True,False,True,False,True,False,True,False,True,False,False,True,True,False,False,0,0.004402716,0
0,0,1,0,1,1,1,79.35,79.35,False,False,True,False,False,False,False,False,False,False,False,False,False,True,False,False,False,False,False,False,False,1,0.84910613,1
0,0,0,0,62,1,0,84.5,5193.2,False,True,False,False,False,False,False,True,False,True,False,True,False,True,False,True,False,True,False,False,False,0,0.015353701,0
1,0,1,1,53,1,1,78.75,3942.45,False,True,False,False,False,False,False,False,False,True,False,True,False,True,False,True,True,False,False,False,True,0,0.11371046,0
0,0,0,0,2,1,1,74.9,136.05,False,True,True,False,False,False,False,False,False,False,False,False,False,False,False,False,False,False,False,False,True,0,0.6667585,1
1,1,1,0,72,1,1,93.05,6735.05,False,True,True,False,False,True,False,True,False,True,False,True,False,False,False,False,False,True,False,False,False,0,0.005217202,0
0,0,1,0,24,1,1,79.65,1928.7,False,True,True,False,False,False,False,False,False,True,False,False,False,False,False,False,False,False,False,False,True,0,0.36115047,1
1,0,0,0,41,1,1,55.7,2237.55,False,True,False,False,False,False,False,False,False,True,False,False,False,False,False,False,False,False,False,False,False,0,0.14785635,0
0,0,0,1,2,1,1,94.2,193.8,False,True,True,False,False,False,False,False,False,False,False,False,False,True,False,True,False,False,False,False,False,1,0.81685466,1
1,0,0,0,2,1,1,67.75,116.65,False,False,True,False,False,False,False,False,False,False,False,False,False,False,False,False,False,False,False,True,False,1,0.6212776,1
1,1,1,0,27,1,1,95.55,2510.2,False,True,True,False,False,False,False,True,False,True,False,False,False,False,False,True,False,False,False,True,False,1,0.51207423,1
1,1,1,0,53,1,1,101.9,5549.4,False,True,True,False,False,False,False,True,False,False,False,False,False,True,False,True,False,False,False,True,False,1,0.57138515,1
0,0,0,0,34,1,1,64.4,2088.75,False,True,False,False,False,True,False,True,False,False,False,True,False,False,False,False,True,False,False,False,True,1,0.022060778,0
1,0,0,0,1,1,1,85.0,85.0,False,False,True,False,False,False,False,True,False,False,False,False,False,False,False,True,False,False,False,True,False,0,0.87603986,1
0,0,1,1,48,1,0,19.55,883.35,False,False,False,True,True,False,True,False,True,False,True,False,True,False,True,False,False,True,False,False,True,0,0.01129827,0
0,1,0,0,3,1,1,75.05,256.25,False,True,True,False,False,False,False,False,False,False,False,False,False,False,False,False,False,False,True,False,False,1,0.67934823,1
0,0,1,1,71,1,0,64.05,4492.9,False,False,False,False,False,True,False,True,False,True,False,True,False,False,False,False,False,True,True,False,False,0,0.004396586,0
1,0,0,0,24,1,1,85.95,2107.15,False,False,True,False,False,False,False,True,False,True,False,True,False,False,False,False,False,False,False,True,False,0,0.31888145,1
0,1,1,0,5,1,0,70.05,302.6,False,False,True,False,False,False,False,False,False,False,False,False,False,False,False,False,False,False,False,True,False,0,0.518111,1
0,1,0,0,8,1,1,75.75,606.25,False,True,True,False,False,False,False,False,False,False,False,False,False,False,False,False,False,False,False,True,False,1,0.7165167,1
1,0,0,0,15,1,1,19.8,309.4,False,False,False,True,True,False,True,False,True,False,True,False,True,False,True,False,False,False,False,False,True,0,0.12451217,0
1,1,0,0,2,1,1,74.7,165.4,False,False,True,False,False,False,False,True,False,False,False,False,False,False,False,False,False,False,False,True,False,1,0.6551863,1
0,0,1,1,13,1,1,25.0,332.5,False,True,False,True,True,False,True,False,True,False,True,False,True,False,True,False,False,True,False,False,False,0,0.025143133,0
0,1,1,0,17,1,1,85.35,1463.45,False,True,True,False,False,True,False,False,False,True,False,False,False,False,False,False,False,False,False,False,False,1,0.3822415,1
1,0,1,0,24,1,1,58.35,1346.9,False,True,False,False,False,True,False,False,False,False,False,True,False,False,False,False,True,False,False,True,False,0,0.08356806,0
0,0,1,1,50,1,0,20.55,1070.25,False,False,False,True,True,False,True,False,True,False,True,False,True,False,True,False,False,True,True,False,False,0,0.010135621,0
1,0,0,0,57,1,1,74.35,4317.35,False,False,False,False,False,True,False,False,False,True,False,False,False,True,False,True,False,True,False,False,False,0,0.023480352,0
0,1,0,0,3,0,0,25.3,77.75,True,False,False,False,False,False,False,False,False,False,False,False,False,False,False,False,False,False,False,True,False,1,0.6131992,1
1,0,0,0,37,1,1,91.15,3369.25,False,True,True,False,False,True,False,False,False,False,False,False,False,True,False,False,False,False,False,True,False,0,0.38038754,1
0,0,1,0,71,1,0,25.6,1888.25,False,True,False,True,True,False,True,False,True,False,True,False,True,False,True,False,False,True,True,False,False,0,0.0060227253,0
1,0,1,1,72,1,1,66.5,4811.6,False,True,False,False,False,True,False,False,False,True,False,True,False,False,False,False,False,True,True,False,False,0,0.0023635107,0
1,0,0,1,52,1,0,25.6,1334.5,False,True,False,True,True,False,True,False,True,False,True,False,True,False,True,False,False,True,True,False,False,0,0.0109379515,0
1,0,0,0,4,1,1,19.85,63.0,False,False,False,True,True,False,True,False,True,False,True,False,True,False,True,False,False,False,False,True,False,0,0.2041437,0
1,0,0,0,9,1,1,69.5,653.25,False,False,False,False,False,True,False,False,False,True,False,True,False,True,False,False,False,False,False,False,True,0,0.18545316,0
1,1,1,0,7,1,1,74.85,485.25,False,True,True,False,False,False,False,False,False,False,False,False,False,False,False,False,False,False,False,True,False,0,0.73804855,1
0,0,1,1,48,1,1,70.1,3238.4,False,False,False,False,False,True,False,True,False,True,False,False,False,False,False,True,False,True,True,False,False,0,0.028753003,0
0,0,1,0,47,1,1,58.6,2723.4,False,False,False,False,False,False,False,True,False,False,False,False,False,True,False,False,False,False,False,False,False,0,0.16791709,0
0,1,0,0,4,1,0,72.75,317.75,False,False,True,False,False,False,False,True,False,False,False,False,False,False,False,False,False,False,False,True,False,0,0.48254526,1
0,0,0,0,47,1,1,103.7,4730.6,False,False,True,False,False,True,False,False,False,True,False,True,False,True,False,True,True,False,False,True,False,0,0.243016,0
1,0,1,0,24,0,0,29.1,688.0,True,False,False,False,False,False,False,False,False,True,False,False,False,False,False,False,False,False,False,True,False,0,0.34429824,1
0,0,0,0,1,1,1,50.45,50.45,False,False,False,False,False,False,False,False,False,True,False,False,False,False,False,False,False,False,False,False,True,1,0.5460463,1
1,0,0,0,1,0,1,44.65,44.65,True,False,False,False,False,False,False,True,False,False,False,True,False,False,False,True,False,False,False,False,True,1,0.37030384,1
0,0,1,1,1,1,0,19.25,19.25,False,False,False,True,True,False,True,False,True,False,True,False,True,False,True,False,False,False,False,True,False,0,0.3487141,1
1,0,0,0,48,1,1,108.1,5067.45,False,True,True,False,False,False,False,True,False,True,False,False,False,True,False,True,False,True,False,False,False,0,0.26625553,1
1,0,0,0,27,1,0,20.1,562.6,False,False,False,True,True,False,True,False,True,False,True,False,True,False,True,False,True,False,False,False,False,0,0.023886533,0
0,0,1,0,60,1,0,59.85,3483.45,False,False,False,False,False,True,False,True,False,False,False,True,False,False,False,False,False,True,False,False,False,0,0.010662949,0
0,0,0,0,26,1,1,56.05,1553.2,False,False,False,False,False,False,False,True,False,True,False,False,False,False,False,False,True,False,False,False,True,0,0.05657719,0
0,1,0,0,51,1,0,19.6,967.9,False,False,False,True,True,False,True,False,True,False,True,False,True,False,True,False,False,True,True,False,False,0,0.01757196,0
0,0,0,0,4,1,1,79.0,303.15,False,False,True,False,False,False,False,False,False,False,False,False,False,True,False,False,False,False,False,True,False,1,0.7100121,1
0,1,0,0,26,1,1,66.05,1652.4,False,True,False,False,False,False,False,False,False,False,False,True,False,False,False,True,False,False,False,True,False,0,0.2003428,0
0,0,0,0,41,1,1,106.5,4282.4,False,True,True,False,False,True,False,True,False,True,False,True,False,True,False,False,False,False,False,True,False,0,0.4495923,1
0,0,1,0,68,1,0,114.9,7843.55,False,True,True,False,False,True,False,True,False,True,False,True,False,True,False,True,False,True,False,False,False,0,0.11470165,0
1,0,1,1,45,1,0,54.65,2553.7,False,False,False,False,False,True,False,False,False,False,False,True,False,False,False,False,False,True,False,False,False,0,0.018846413,0
0,0,1,1,22,1,1,69.5,1498.2,False,False,False,False,False,False,False,True,False,False,False,False,False,True,False,True,True,False,False,False,False,1,0.17295884,0
1,0,0,0,12,1,1,79.95,1043.4,False,False,True,False,False,False,False,False,False,False,False,False,False,False,False,True,False,False,False,False,False,0,0.5828283,1
0,0,0,0,1,1,0,43.95,43.95,False,False,False,False,False,False,False,False,False,False,False,False,False,False,False,False,False,False,True,False,False,0,0.43275082,1
1,0,0,0,7,1,1,94.1,701.3,False,True,True,False,False,False,False,False,False,False,False,False,False,True,False,True,False,False,False,True,False,0,0.83015513,1
0,0,0,0,1,1,1,20.2,20.2,False,False,False,True,True,False,True,False,True,False,True,False,True,False,True,False,False,False,False,False,False,1,0.40048927,1
0,0,0,0,13,0,1,23.9,300.8,True,False,False,False,False,False,False,False,False,False,False,False,False,False,False,False,False,False,False,True,False,1,0.4388168,1
1,0,0,0,51,1,0,20.45,1042.65,False,False,False,True,True,False,True,False,True,False,True,False,True,False,True,False,False,True,False,False,True,0,0.015220872,0
1,0,1,1,4,1,0,44.8,169.65,False,False,False,False,False,False,False,False,False,False,False,False,False,False,False,False,False,False,False,True,False,0,0.30777496,1
1,0,0,0,26,1,1,84.3,2281.6,False,True,True,False,False,False,False,False,False,True,False,True,False,False,False,False,False,False,False,False,True,0,0.3378851,1
0,0,0,0,24,1,1,88.95,2072.75,False,True,True,False,False,False,False,False,False,True,False,False,False,True,False,False,False,False,True,False,False,0,0.43424475,1
0,1,1,0,61,1,1,94.2,5895.45,False,True,True,False,False,True,False,True,False,True,False,True,False,False,False,False,False,False,True,False,False,0,0.1340689,0
0,0,0,0,72,1,1,114.9,8496.7,False,True,True,False,False,True,False,True,False,True,False,True,False,True,False,True,False,True,False,True,False,0,0.017712148,0
0,0,0,0,55,1,1,84.25,4589.85,False,True,True,False,False,True,False,False,False,True,False,False,False,False,False,False,True,False,True,False,False,0,0.06395697,0
1,0,0,0,12,1,0,81.7,858.6,False,False,True,False,False,True,False,False,False,True,False,False,False,False,False,False,False,False,False,False,False,1,0.4092922,1
1,0,1,1,64,1,0,93.4,5822.3,False,True,True,False,False,True,False,False,False,True,False,False,False,False,False,True,False,True,False,False,False,0,0.054142285,0
0,1,0,0,37,1,1,96.55,3580.3,False,True,True,False,False,False,False,False,False,False,False,False,False,True,False,True,False,False,False,True,False,1,0.60946816,1
1,0,1,0,72,1,1,88.7,6301.7,False,True,False,False,False,True,False,True,False,True,False,True,False,True,False,True,False,True,True,False,False,0,0.0033640857,0
1,0,0,0,11,1,0,19.5,226.8,False,False,False,True,True,False,True,False,True,False,True,False,True,False,True,False,True,False,False,False,True,0,0.033274487,0
0,1,1,0,52,1,1,109.1,5647.95,False,True,True,False,False,True,False,True,False,True,False,False,False,True,False,True,False,False,False,True,False,0,0.46856475,1
0,0,1,1,58,1,1,44.1,2413.05,False,False,False,False,False,False,False,False,False,False,False,False,False,False,False,False,True,False,False,False,True,0,0.050921712,0
0,0,0,0,4,1,0,55.2,220.65,False,False,False,False,False,True,False,True,False,False,False,False,False,False,False,False,False,False,False,True,False,0,0.3521076,1
0,0,1,1,38,1,0,20.3,749.35,False,False,False,True,True,False,True,False,True,False,True,False,True,False,True,False,True,False,False,False,True,0,0.017151482,0
1,0,0,1,3,1,0,20.85,60.65,False,False,False,True,True,False,True,False,True,False,True,False,True,False,True,False,False,False,False,False,True,0,0.12920284,0
1,0,0,0,62,1,1,92.3,5731.45,False,True,True,False,False,True,False,True,False,False,False,False,False,False,False,True,True,False,False,False,False,0,0.1011431,0
0,0,0,0,8,1,0,54.25,447.75,False,False,False,False,False,True,False,False,False,False,False,True,False,False,False,False,True,False,False,False,False,0,0.06642248,0
1,0,1,1,16,1,0,19.75,313.4,False,False,False,True,True,False,True,False,True,False,True,False,True,False,True,False,False,False,False,True,False,0,0.1227358,0
1,0,0,0,8,1,0,43.55,335.4,False,False,False,False,False,False,False,False,False,False,False,False,False,False,False,False,False,False,False,False,True,0,0.21246897,0
1,0,0,0,1,1,0,19.8,19.8,False,False,False,True,True,False,True,False,True,False,True,False,True,False,True,False,False,False,False,False,True,1,0.3214923,1
1,0,1,1,52,0,0,50.2,2554.0,True,False,False,False,False,False,False,True,False,True,False,True,False,True,False,False,False,True,False,False,True,0,0.016740762,0
0,0,1,0,72,1,1,26.0,1776.0,False,True,False,True,True,False,True,False,True,False,True,False,True,False,True,False,False,True,False,False,True,0,0.004293244,0
1,1,0,0,16,1,0,69.65,1043.3,False,False,True,False,False,False,False,False,False,False,False,False,False,False,False,False,False,False,False,True,False,0,0.46454316,1
1,0,0,0,18,1,1,89.6,1633.0,False,True,True,False,False,False,False,False,False,True,False,False,False,True,False,False,True,False,True,False,False,0,0.1729973,0
1,0,0,0,1,1,0,20.25,20.25,False,False,False,True,True,False,True,False,True,False,True,False,True,False,True,False,False,False,False,False,True,1,0.3016201,1
1,0,1,1,72,1,1,75.4,5480.25,False,False,False,False,False,False,False,True,False,True,False,False,False,True,False,True,False,True,False,False,False,0,0.025314672,0
0,0,1,0,49,1,0,20.7,1032.05,False,False,False,True,True,False,True,False,True,False,True,False,True,False,True,False,True,False,True,False,False,0,0.0214452,0
1,0,0,0,1,1,0,44.0,44.0,False,False,False,False,False,False,False,False,False,False,False,False,False,False,False,False,False,False,False,True,False,0,0.5411654,1
0,0,1,0,51,1,1,93.5,4619.55,False,False,True,False,False,True,False,True,False,True,False,False,False,True,False,False,True,False,False,True,False,0,0.14320493,0
1,1,1,0,72,1,1,97.25,7133.1,False,True,True,False,False,False,False,True,False,False,False,False,False,True,False,True,True,False,True,False,False,0,0.08160288,0
1,1,1,0,72,1,0,77.35,5396.25,False,True,False,False,False,False,False,True,False,True,False,True,False,True,False,False,False,True,True,False,False,0,0.014963235,0
0,0,0,0,16,1,0,19.05,326.65,False,False,False,True,True,False,True,False,True,False,True,False,True,False,True,False,True,False,False,False,True,0,0.007923093,0
1,0,1,1,16,1,0,84.9,1398.25,False,True,False,False,False,True,False,True,False,False,False,True,False,True,False,True,False,False,False,True,False,0,0.19625792,0
1,0,0,0,1,1,0,19.65,19.65,False,False,False,True,True,False,True,False,True,False,True,False,True,False,True,False,False,False,False,False,False,0,0.28567415,1
1,0,1,0,10,1,1,85.6,813.85,False,True,True,False,False,False,False,False,False,False,False,False,False,True,False,False,False,False,False,True,False,1,0.7570731,1
0,0,1,0,57,1,1,100.75,5985.0,False,True,True,False,False,False,False,False,False,True,False,False,False,True,False,True,True,False,True,False,False,0,0.32677567,1
1,0,1,1,32,1,1,90.8,3023.85,False,False,True,False,False,True,False,True,False,False,False,False,False,False,False,True,True,False,False,True,False,0,0.14574754,0
0,0,0,0,72,1,1,101.3,7261.25,False,True,True,False,False,True,False,True,False,True,False,False,False,True,False,False,False,True,False,False,False,0,0.012453466,0
0,1,1,0,58,1,1,97.8,5458.8,False,True,True,False,False,False,False,True,False,False,False,False,False,True,False,True,True,False,False,False,False,0,0.23419578,0
0,0,0,0,23,1,1,73.75,1756.6,False,True,False,False,False,False,False,False,False,False,False,True,False,True,False,True,True,False,False,False,True,0,0.12511308,0
1,1,0,0,25,1,1,89.5,2196.15,False,True,True,False,False,False,False,True,False,False,False,False,False,True,False,False,False,False,False,True,False,1,0.627691,1
1,0,1,1,32,1,1,19.45,674.55,False,False,False,True,True,False,True,False,True,False,True,False,True,False,True,False,False,False,True,False,False,0,0.06437578,0
0,0,0,0,69,1,0,104.0,7028.5,False,True,True,False,False,False,False,False,False,True,False,True,False,True,False,True,False,True,False,True,False,0,0.19568655,0
0,0,1,1,72,1,1,109.5,7854.9,False,False,True,False,False,True,False,True,False,True,False,True,False,True,False,True,False,True,True,False,False,0,0.0072714435,0
1,0,0,0,50,0,1,35.4,1748.9,True,False,False,False,False,True,False,False,False,False,False,True,False,False,False,False,True,False,False,False,True,0,0.027091991,0
1,0,1,1,28,1,0,106.1,2847.4,False,True,True,False,False,True,False,True,False,False,False,False,False,True,False,True,True,False,False,True,False,1,0.25242716,1
0,0,1,0,10,1,0,20.1,184.4,False,False,False,True,True,False,True,False,True,False,True,False,True,False,True,False,True,False,False,False,True,0,0.036290467,0
1,0,1,1,58,1,1,94.7,5430.35,False,True,True,False,False,False,False,True,False,False,False,True,False,True,False,False,True,False,True,False,False,0,0.061873198,0
1,1,1,0,7,1,1,75.4,533.05,False,True,True,False,False,False,False,False,False,False,False,False,False,False,False,False,False,False,False,True,False,0,0.73804855,1
1,0,0,1,4,1,0,49.35,219.65,False,False,False,False,False,True,False,False,False,False,False,False,False,False,False,False,False,False,False,True,False,1,0.2697763,1
0,0,1,1,34,1,1,60.8,2042.05,False,False,False,False,False,True,False,True,False,True,False,False,False,False,False,False,True,False,False,False,True,0,0.031888675,0
0,0,1,1,70,1,1,115.15,8250.0,False,True,True,False,False,True,False,True,False,True,False,True,False,True,False,True,False,True,True,False,False,0,0.04271746,0
1,1,1,1,71,1,1,72.9,5139.65,False,True,False,False,False,False,False,True,False,True,False,True,False,False,False,True,True,False,False,False,False,0,0.033528373,0
1,0,0,0,21,1,0,103.85,2215.0,False,True,True,False,False,True,False,False,False,True,False,False,False,True,False,True,False,False,False,False,True,0,0.5319124,1
0,0,0,0,56,1,1,60.25,3282.75,False,False,False,False,False,True,False,False,False,True,False,True,False,False,False,False,True,False,True,False,False,0,0.042275056,0
1,0,0,1,71,1,1,76.9,5522.7,False,False,False,False,False,True,False,True,False,True,False,True,False,True,False,False,False,True,True,False,False,0,0.006361081,0
0,0,1,1,14,1,1,87.25,1258.6,False,True,True,False,False,False,False,False,False,True,False,False,False,False,False,True,False,False,False,True,False,1,0.5647885,1
1,0,1,1,41,1,0,19.5,798.2,False,False,False,True,True,False,True,False,True,False,True,False,True,False,True,False,True,False,False,False,False,0,0.022839352,0
0,0,0,0,3,1,0,74.4,215.8,False,True,True,False,False,False,False,False,False,False,False,False,False,False,False,False,False,False,False,False,False,1,0.5801765,1
0,0,1,1,58,1,0,20.5,1191.4,False,False,False,True,True,False,True,False,True,False,True,False,True,False,True,False,False,True,True,False,False,0,0.015315427,0
0,0,1,1,72,0,0,65.7,4575.35,True,False,False,False,False,True,False,True,False,True,False,True,False,True,False,True,False,True,False,False,False,0,0.0032929934,0
0,0,0,0,13,1,0,89.4,1132.35,False,True,True,False,False,False,False,True,False,True,False,True,False,False,False,False,False,False,False,True,False,1,0.663923,1
1,0,1,1,43,1,1,79.15,3566.6,False,False,False,False,False,True,False,False,False,True,False,True,False,True,False,True,False,True,True,False,False,0,0.014999699,0
1,0,0,0,41,0,1,51.35,2075.1,True,False,False,False,False,False,False,False,False,True,False,False,False,True,False,True,True,False,False,True,False,0,0.24123968,0
0,0,0,0,2,1,0,70.0,153.05,False,False,True,False,False,False,False,False,False,False,False,False,False,False,False,False,False,False,False,False,False,1,0.4718689,1
0,0,0,0,1,1,0,20.3,20.3,False,False,False,True,True,False,True,False,True,False,True,False,True,False,True,False,False,False,True,False,False,0,0.24413177,0
1,0,0,0,4,1,1,79.9,324.3,False,False,True,False,False,False,False,False,False,False,False,False,False,False,False,True,False,False,False,True,False,1,0.6687529,1
1,0,0,0,1,1,1,19.9,19.9,False,False,False,True,True,False,True,False,True,False,True,False,True,False,True,False,False,False,False,False,True,0,0.48167506,1
1,0,1,0,72,1,1,114.1,8086.4,False,True,True,False,False,True,False,True,False,True,False,True,False,True,False,True,False,True,True,False,False,0,0.010874816,0
0,0,1,1,69,1,1,64.15,4254.1,False,True,False,False,False,True,False,False,False,True,False,True,False,False,False,False,False,True,True,False,False,0,0.012510182,0
1,0,1,1,27,0,1,45.85,1246.4,True,False,False,False,False,False,False,True,False,True,False,False,False,False,False,True,True,False,True,False,False,0,0.15156308,0
0,0,0,1,14,1,1,59.8,824.85,False,False,False,False,False,False,False,False,False,True,False,False,False,True,False,False,False,False,True,False,False,0,0.21462406,0
1,0,0,0,19,1,1,45.0,865.85,False,False,False,False,False,False,False,False,False,False,False,False,False,False,False,False,False,False,False,False,False,0,0.18238065,0
0,0,1,0,18,1,1,95.95,1745.5,False,False,True,False,False,False,False,False,False,True,False,False,False,True,False,True,False,False,True,False,False,0,0.47795537,1
1,0,1,1,5,1,1,90.35,434.5,False,False,True,False,False,True,False,False,False,True,False,False,False,False,False,True,False,False,False,False,True,0,0.5970512,1
1,0,1,1,28,1,0,100.35,2799.0,False,False,True,False,False,False,False,True,False,True,False,False,False,True,False,True,True,False,False,False,False,0,0.21456017,0
0,0,0,0,30,1,0,74.65,2308.6,False,False,False,False,False,True,False,True,False,True,False,True,False,True,False,False,True,False,True,False,False,0,0.05336811,0
0,1,0,0,71,1,0,104.05,7413.55,False,True,True,False,False,False,False,False,False,True,False,False,False,True,False,True,False,True,False,False,False,0,0.16770013,0
1,0,0,0,1,1,1,53.95,53.95,False,False,False,False,False,True,False,False,False,False,False,True,False,False,False,False,False,False,False,True,False,1,0.38810518,1
1,0,1,1,71,1,1,97.2,6910.3,False,True,True,False,False,True,False,False,False,False,False,False,False,True,False,True,False,True,False,True,False,0,0.045864876,0
0,0,1,1,32,1,0,62.45,2045.55,False,True,False,False,False,False,False,True,False,True,False,False,False,False,False,False,False,False,False,False,False,0,0.08830998,0
0,1,0,0,70,1,1,75.5,5212.65,False,True,False,False,False,False,False,True,False,True,False,True,False,True,False,False,False,True,False,False,False,0,0.09339398,0
1,0,0,0,1,1,1,55.25,55.25,False,False,False,False,False,False,False,False,False,False,False,False,False,False,False,True,False,False,False,True,False,0,0.73219085,1
1,0,1,1,1,1,1,71.0,71.0,False,False,True,False,False,False,False,False,False,False,False,False,False,False,False,False,False,False,False,True,False,1,0.81898403,1
0,1,0,0,4,1,0,48.75,179.85,False,True,False,False,False,False,False,False,False,False,False,False,False,False,False,False,False,False,False,False,True,0,0.4659236,1
1,1,1,0,43,1,1,94.3,3953.15,False,True,True,False,False,False,False,True,False,False,False,True,False,True,False,False,False,False,False,True,False,0,0.41424495,1
1,0,1,0,72,1,0,92.3,6719.9,False,True,False,False,False,True,False,True,False,True,False,True,False,True,False,True,False,True,True,False,False,0,0.0031681922,0
1,1,1,1,72,1,1,114.95,8196.4,False,True,True,False,False,True,False,True,False,True,False,True,False,True,False,True,False,True,False,False,False,0,0.015827635,0
1,1,1,0,4,1,1,74.4,306.6,False,True,True,False,False,False,False,False,False,False,False,False,False,False,False,False,False,False,False,False,True,1,0.6944267,1
0,0,0,0,24,1,0,24.6,605.25,False,True,False,True,True,False,True,False,True,False,True,False,True,False,True,False,True,False,False,False,False,0,0.034781884,0
1,1,1,0,1,1,1,95.1,95.1,False,True,True,False,False,False,False,False,False,False,False,False,False,True,False,True,False,False,False,True,False,1,0.9303661,1
0,0,0,0,1,1,0,18.85,18.85,False,False,False,True,True,False,True,False,True,False,True,False,True,False,True,False,False,False,False,True,False,0,0.20385681,0
1,1,0,0,14,1,1,95.6,1273.3,False,True,True,False,False,False,False,False,False,False,False,False,False,True,False,True,False,False,False,True,False,0,0.6903951,1
1,1,1,0,36,1,1,84.1,3021.6,False,True,True,False,False,False,False,False,False,False,False,False,False,False,False,True,False,False,False,True,False,1,0.5616409,1
1,0,1,1,40,1,1,81.2,3292.3,False,True,True,False,False,False,False,False,False,True,False,False,False,False,False,False,False,False,False,True,False,0,0.49606323,1
1,1,0,0,67,1,1,105.05,7171.7,False,False,True,False,False,True,False,True,False,False,False,True,False,True,False,True,False,True,False,True,False,0,0.17383781,0
1,0,1,1,69,1,1,92.15,6480.9,False,False,True,False,False,False,False,True,False,False,False,True,False,True,False,False,False,True,False,False,True,0,0.017824855,0
1,0,0,0,1,1,0,20.6,20.6,False,False,False,True,True,False,True,False,True,False,True,False,True,False,True,False,False,False,False,False,True,0,0.37562084,1
0,0,0,1,10,0,0,40.25,411.45,True,False,False,False,False,True,False,True,False,False,False,True,False,False,False,False,True,False,False,False,True,0,0.047799908,0
1,0,1,1,55,1,0,57.55,3046.4,False,False,False,False,False,True,False,True,False,False,False,True,False,False,False,False,False,True,False,False,False,1,0.013991432,0
1,0,1,1,68,1,1,113.15,7856.0,False,True,True,False,False,True,False,True,False,True,False,True,False,True,False,True,False,True,False,True,False,1,0.05947456,0
1,1,1,1,66,1,1,99.5,6822.15,False,True,True,False,False,False,False,False,False,True,False,False,False,True,False,True,False,False,True,False,False,1,0.4387465,1
0,0,0,0,7,1,1,69.9,497.3,False,False,True,False,False,False,False,False,False,False,False,False,False,False,False,False,False,False,False,False,True,0,0.52900445,1
0,0,1,1,10,1,0,20.15,220.8,False,False,False,True,True,False,True,False,True,False,True,False,True,False,True,False,False,True,False,False,True,0,0.016557517,0
1,0,0,0,1,0,0,29.15,29.15,True,False,False,False,False,False,False,False,False,False,False,True,False,False,False,False,False,False,False,False,True,0,0.2600895,1
1,0,1,1,55,1,0,19.35,1153.25,False,False,False,True,True,False,True,False,True,False,True,False,True,False,True,False,False,True,False,False,False,0,0.034884192,0
1,0,1,0,45,1,1,107.75,4882.8,False,True,True,False,False,False,False,True,False,True,False,False,False,True,False,True,False,False,False,False,False,0,0.35712865,1
0,0,1,0,10,1,1,67.8,653.15,False,False,False,False,False,False,False,False,False,True,False,False,False,True,False,True,False,False,True,False,False,0,0.24865888,0
0,0,1,0,69,1,1,116.0,8182.85,False,True,True,False,False,True,False,True,False,True,False,True,False,True,False,True,False,True,False,True,False,0,0.06574743,0
0,1,0,0,1,1,1,85.05,85.05,False,True,True,False,False,False,False,False,False,False,False,False,False,False,False,True,False,False,False,True,False,1,0.9282529,1
0,0,0,0,33,1,0,25.7,826.1,False,True,False,True,True,False,True,False,True,False,True,False,True,False,True,False,False,True,True,False,False,0,0.01835268,0
0,0,0,0,45,1,0,81.65,3618.7,False,False,False,False,False,True,False,False,False,True,False,True,False,True,False,True,False,True,False,False,False,0,0.017781438,0
0,0,0,0,1,1,0,44.75,44.75,False,False,False,False,False,False,False,False,False,False,False,False,False,False,False,False,False,False,False,False,True,0,0.4613037,1
1,0,0,0,31,1,1,71.05,2168.15,False,True,False,False,False,False,False,True,False,False,False,True,False,True,False,False,False,False,False,True,False,0,0.1511997,0
1,0,1,1,50,1,1,20.35,938.95,False,False,False,True,True,False,True,False,True,False,True,False,True,False,True,False,True,False,False,False,True,0,0.0187646,0
0,0,0,0,57,1,1,87.55,4884.85,False,True,True,False,False,True,False,True,False,False,False,True,False,False,False,False,False,False,False,False,False,0,0.12560551,0
1,0,0,0,1,1,1,74.25,74.25,False,True,True,False,False,False,False,False,False,False,False,False,False,False,False,False,False,False,False,False,True,1,0.8008511,1
0,0,0,0,2,1,1,75.8,160.75,False,False,True,False,False,False,False,False,False,True,False,False,False,False,False,False,False,False,False,True,False,1,0.705762,1
1,0,0,0,3,1,1,105.35,323.25,False,True,True,False,False,False,False,True,False,True,False,False,False,True,False,True,False,False,False,False,False,1,0.81846035,1
1,1,1,0,67,1,1,94.65,6079.0,False,True,True,False,False,False,False,False,False,False,False,False,False,True,False,True,False,False,True,False,False,0,0.44048086,1
0,1,0,0,42,1,1,104.75,4323.45,False,True,True,False,False,False,False,True,False,True,False,False,False,True,False,True,False,False,False,False,False,1,0.5118842,1
0,0,1,0,70,1,1,26.0,2006.95,False,True,False,True,True,False,True,False,True,False,True,False,True,False,True,False,False,True,False,False,False,0,0.0075121066,0
1,0,1,0,71,1,0,20.85,1539.75,False,False,False,True,True,False,True,False,True,False,True,False,True,False,True,False,True,False,False,True,False,0,0.015037423,0
1,0,0,0,9,1,1,75.85,724.65,False,True,True,False,False,False,False,False,False,False,False,False,False,False,False,False,False,False,False,True,False,0,0.6950148,1
1,0,1,1,72,0,0,45.25,3139.8,True,False,False,False,False,True,False,True,False,True,False,True,False,False,False,False,False,True,True,False,False,0,0.0023217339,0
1,0,1,1,53,1,1,105.25,5576.3,False,True,True,False,False,False,False,True,False,True,False,False,False,True,False,True,True,False,False,True,False,0,0.22728497,0
0,1,0,0,19,1,1,105.0,2007.25,False,False,True,False,False,True,False,True,False,False,False,True,False,True,False,True,False,False,False,False,True,0,0.5959268,1
0,0,0,0,9,1,0,94.4,857.25,False,True,True,False,False,False,False,False,False,False,False,False,False,True,False,True,False,False,False,True,False,1,0.72786593,1
1,0,1,1,72,1,0,105.5,7611.55,False,False,True,False,False,True,False,True,False,False,False,True,False,True,False,True,False,True,False,False,False,0,0.016440865,0
1,0,1,1,20,0,1,39.4,825.4,True,False,False,False,False,True,False,False,False,True,False,True,False,False,False,False,False,True,True,False,False,0,0.017438857,0
0,0,1,1,43,1,0,20.0,817.95,False,False,False,True,True,False,True,False,True,False,True,False,True,False,True,False,True,False,False,False,True,0,0.01816179,0
0,0,0,0,50,1,1,79.6,4024.2,False,True,False,False,False,False,False,True,False,False,False,True,False,True,False,True,False,True,False,False,True,0,0.020564213,0
0,0,1,0,55,1,1,89.8,4959.6,False,True,True,False,False,True,False,False,False,False,False,False,False,True,False,False,False,False,False,False,False,0,0.23091957,0
1,0,1,0,2,1,1,94.2,167.5,False,False,True,False,False,False,False,False,False,False,False,True,False,True,False,True,False,False,False,True,False,1,0.6375948,1
0,0,1,1,9,1,0,20.35,191.1,False,False,False,True,True,False,True,False,True,False,True,False,True,False,True,False,False,True,False,False,True,0,0.014758454,0
1,0,0,0,10,0,1,33.9,298.45,True,False,False,False,False,False,False,False,False,False,False,False,False,False,False,True,False,False,False,False,True,1,0.3863496,1
0,0,0,0,71,1,0,77.35,5550.1,False,False,False,False,False,True,False,True,False,True,False,True,False,True,False,False,False,True,True,False,False,0,0.005881373,0
0,0,1,0,32,1,0,84.15,2585.95,False,False,True,False,False,False,False,True,False,False,False,False,False,False,False,True,False,False,False,False,False,1,0.40067735,1
1,1,1,0,3,1,1,105.9,334.65,False,True,True,False,False,False,False,True,False,True,False,False,False,True,False,True,False,False,False,True,False,1,0.9019162,1
1,1,1,0,16,1,1,74.3,1178.25,False,False,True,False,False,False,False,True,False,False,False,False,False,False,False,False,False,False,True,False,False,1,0.48107326,1
1,0,0,0,25,1,0,69.75,1729.35,False,False,True,False,False,False,False,False,False,False,False,False,False,False,False,False,False,False,False,True,False,0,0.2767054,1
1,0,0,0,38,1,1,70.45,2597.6,False,False,True,False,False,False,False,False,False,False,False,False,False,False,False,False,True,False,False,False,False,1,0.10630086,0
0,0,0,0,40,1,0,20.15,804.85,False,False,False,True,True,False,True,False,True,False,True,False,True,False,True,False,False,True,False,False,True,0,0.011834113,0
0,0,1,1,61,1,1,24.2,1445.2,False,True,False,True,True,False,True,False,True,False,True,False,True,False,True,False,False,True,False,False,True,0,0.010261427,0
0,0,1,1,25,1,0,20.05,520.1,False,False,False,True,True,False,True,False,True,False,True,False,True,False,True,False,True,False,False,False,True,0,0.02174318,0
0,0,0,1,48,1,1,95.5,4627.85,False,False,True,False,False,False,False,True,False,True,False,True,False,True,False,False,False,True,False,False,True,1,0.031447113,0
0,0,0,0,3,1,1,69.55,222.3,False,False,True,False,False,False,False,False,False,False,False,False,False,False,False,False,False,False,False,False,False,1,0.5472306,1
0,0,0,0,63,1,0,108.25,6780.1,False,True,True,False,False,True,False,True,False,True,False,False,False,True,False,True,False,False,True,False,False,0,0.12964848,0
0,1,0,0,37,1,1,76.25,2841.55,False,True,True,False,False,False,False,False,False,False,False,False,False,False,False,False,False,False,False,True,False,1,0.50911546,1
1,0,0,0,1,1,1,49.8,49.8,False,False,False,False,False,True,False,False,False,False,False,False,False,False,False,False,False,False,True,False,False,0,0.42599022,1
1,0,1,1,17,1,0,80.85,1400.85,False,False,True,False,False,False,False,False,False,False,False,False,False,True,False,False,False,False,False,True,False,1,0.38656884,1
1,0,0,0,3,1,1,69.35,191.35,False,False,False,False,False,False,False,False,False,False,False,True,False,True,False,True,False,False,False,True,False,1,0.36392412,1
0,0,1,0,21,1,1,86.05,1818.9,False,False,True,False,False,False,False,False,False,False,False,True,False,True,False,False,False,False,False,True,False,0,0.44831142,1
0,0,1,1,67,0,0,36.15,2434.45,True,False,False,False,False,True,False,True,False,False,False,False,False,False,False,False,False,True,False,False,False,0,0.013839307,0
0,0,1,1,34,1,1,20.1,682.1,False,False,False,True,True,False,True,False,True,False,True,False,True,False,True,False,True,False,False,False,False,0,0.026284356,0
1,0,0,0,18,1,1,90.7,1597.25,False,True,True,False,False,False,False,False,False,True,False,False,False,False,False,True,False,False,True,False,False,1,0.44936764,1
1,0,1,1,72,1,0,88.7,6501.35,False,True,False,False,False,True,False,True,False,True,False,True,False,True,False,True,False,True,True,False,False,0,0.002759254,0
1,0,1,1,18,1,0,95.15,1779.95,False,False,True,False,False,False,False,False,False,True,False,False,False,True,False,True,False,False,False,False,True,1,0.37024325,1
1,0,0,0,3,1,0,75.0,209.1,False,True,True,False,False,False,False,False,False,False,False,False,False,False,False,False,False,False,False,False,True,1,0.5725624,1
0,0,0,0,1,1,1,49.95,49.95,False,True,False,False,False,False,False,False,False,False,False,False,False,False,False,False,False,False,False,False,False,1,0.599843,1
1,0,0,0,10,1,1,72.15,794.25,False,True,False,False,False,False,False,False,False,False,False,False,False,True,False,True,False,False,True,False,False,1,0.35314447,1
0,0,0,0,10,1,1,20.9,247.0,False,False,False,True,True,False,True,False,True,False,True,False,True,False,True,False,False,False,False,False,True,0,0.11366368,0
0,0,1,1,29,1,0,20.0,540.05,False,False,False,True,True,False,True,False,True,False,True,False,True,False,True,False,True,False,False,True,False,0,0.041082576,0
0,1,1,0,34,1,1,94.25,3217.55,False,True,True,False,False,False,False,True,False,True,False,False,False,False,False,True,False,False,False,True,False,1,0.47968465,1
1,1,1,0,7,1,1,101.95,700.85,False,True,True,False,False,False,False,False,False,True,False,False,False,True,False,True,False,False,False,True,False,1,0.8634841,1
1,0,1,1,69,1,0,86.9,6194.1,False,True,False,False,False,True,False,False,False,True,False,True,False,True,False,True,False,True,False,False,False,0,0.031138107,0
0,0,0,0,36,1,0,54.45,1893.5,False,True,False,False,False,True,False,False,False,False,False,False,False,False,False,False,True,False,False,False,True,0,0.02100565,0
1,0,1,0,72,1,0,85.95,6151.9,False,True,False,False,False,False,False,True,False,True,False,True,False,True,False,True,False,True,False,False,False,0,0.009052642,0
0,0,0,0,42,1,1,20.65,958.1,False,False,False,True,True,False,True,False,True,False,True,False,True,False,True,False,True,False,False,False,True,0,0.015608407,0
1,0,0,0,42,1,1,99.0,4298.45,False,True,True,False,False,True,False,True,False,True,False,False,False,False,False,True,True,False,False,True,False,0,0.30530182,1
1,0,0,0,67,0,0,43.9,3097.2,True,False,False,False,False,True,False,False,False,False,False,True,False,True,False,False,False,True,False,True,False,0,0.07505963,0
0,1,0,0,21,1,1,95.4,2025.1,False,True,True,False,False,False,False,False,False,False,False,False,False,True,False,True,False,False,False,False,False,0,0.5587694,1
0,0,0,0,23,1,1,93.5,2341.55,False,True,True,False,False,False,False,False,False,False,False,False,False,True,False,True,False,False,False,True,False,0,0.63634104,1
0,0,0,0,15,1,0,86.2,1270.2,False,False,True,False,False,True,False,False,False,False,False,False,False,True,False,False,False,False,False,True,False,1,0.36418498,1
0,1,1,0,34,1,0,64.2,2106.3,False,False,False,False,False,False,False,False,False,True,False,True,False,True,False,False,True,False,False,False,False,0,0.057085935,0
1,1,1,0,7,1,1,99.25,665.45,False,True,True,False,False,False,False,False,False,True,False,False,False,True,False,True,False,False,False,True,False,1,0.8841078,1
1,0,0,1,9,1,0,20.4,184.1,False,False,False,True,True,False,True,False,True,False,True,False,True,False,True,False,False,False,False,False,True,0,0.0713502,0
0,0,1,0,34,1,0,24.7,780.2,False,True,False,True,True,False,True,False,True,False,True,False,True,False,True,False,False,False,False,True,False,0,0.069892354,0
1,0,0,0,1,0,1,35.55,35.55,True,False,False,False,False,False,False,False,False,False,False,False,False,False,False,True,False,False,False,True,False,1,0.7735792,1
0,0,0,0,25,1,0,108.9,2809.05,False,True,True,False,False,False,False,True,False,True,False,True,False,True,False,True,False,True,False,True,False,0,0.24847837,0
0,0,1,0,72,1,1,115.5,8312.75,False,True,True,False,False,True,False,True,False,True,False,True,False,True,False,True,False,True,False,False,False,0,0.0137570575,0
1,0,0,0,1,1,0,20.55,20.55,False,False,False,True,True,False,True,False,True,False,True,False,True,False,True,False,False,False,False,True,False,1,0.3908437,1
0,0,1,0,60,1,1,99.8,5985.75,False,True,True,False,False,False,False,True,False,False,False,False,False,True,False,True,False,False,False,True,False,0,0.44816417,1
1,0,1,0,43,1,1,84.25,3539.25,False,False,True,False,False,True,False,False,False,True,False,True,False,False,False,False,True,False,False,False,False,0,0.06811196,0
1,0,0,0,3,1,0,21.2,52.05,False,False,False,True,True,False,True,False,True,False,True,False,True,False,True,False,True,False,False,False,True,0,0.05255792,0
1,1,1,0,72,1,1,84.1,5981.65,False,True,False,False,False,True,False,True,False,True,False,False,False,True,False,True,False,True,True,False,False,0,0.010004339,0
1,0,0,0,2,1,0,45.35,89.5,False,False,False,False,False,False,False,False,False,False,False,False,False,False,False,False,False,False,False,True,False,1,0.47365725,1
1,0,0,0,10,1,1,98.9,1064.95,False,False,True,False,False,True,False,False,False,True,False,False,False,True,False,True,True,False,False,True,False,0,0.65339684,1
1,0,0,0,7,1,1,98.05,713.0,False,True,True,False,False,False,False,False,False,True,False,False,False,True,False,True,False,False,False,False,False,1,0.8791731,1
0,0,1,0,33,1,1,51.45,1758.9,False,False,False,False,False,False,False,False,False,False,False,True,False,False,False,False,True,False,False,False,True,0,0.030440992,0
1,0,0,0,31,1,1,81.15,2640.55,False,True,True,False,False,False,False,True,False,False,False,False,False,False,False,False,False,False,False,True,False,0,0.5129905,1
1,1,0,0,38,1,0,94.75,3653.0,False,True,True,False,False,False,False,False,False,False,False,False,False,True,False,True,False,False,False,True,False,0,0.4985485,1
0,0,0,0,24,1,1,84.35,1938.05,False,True,True,False,False,True,False,False,False,False,False,True,False,False,False,False,False,False,False,True,False,0,0.40771076,1
0,0,0,0,28,1,1,59.55,1646.45,False,False,False,False,False,False,False,False,False,True,False,False,False,True,False,False,False,False,False,False,False,0,0.13295534,0
1,0,1,1,72,0,0,38.5,2763.0,True,False,False,False,False,True,False,True,False,True,False,False,False,False,False,False,False,True,True,False,False,0,0.0040506064,0
0,0,1,0,20,1,0,19.25,375.25,False,False,False,True,True,False,True,False,True,False,True,False,True,False,True,False,False,False,False,False,False,0,0.037951656,0
1,0,0,0,60,1,0,79.0,4801.1,False,False,False,False,False,True,False,False,False,True,False,True,False,True,False,True,True,False,False,False,True,0,0.033390917,0
0,1,0,0,4,1,1,89.2,346.2,False,True,True,False,False,False,False,False,False,True,False,False,False,True,False,False,False,False,False,True,False,1,0.80506533,1
0,0,1,0,46,1,0,55.0,2473.95,False,True,False,False,False,True,False,False,False,False,False,False,False,False,False,False,False,False,False,False,False,0,0.13730446,0
1,0,1,1,72,1,0,82.3,5815.15,False,True,False,False,False,True,False,True,False,True,False,True,False,True,False,False,False,True,False,False,False,0,0.0032159279,0
0,1,0,0,41,1,1,113.2,4689.5,False,True,True,False,False,True,False,True,False,True,False,False,False,True,False,True,False,False,False,True,False,1,0.48880595,1
1,1,1,0,65,1,1,100.75,6674.65,False,True,True,False,False,True,False,False,False,False,False,False,False,True,False,True,True,False,False,True,False,0,0.20241912,0
1,0,1,1,43,0,0,29.3,1224.05,True,False,False,False,False,False,False,True,False,False,False,False,False,False,False,False,False,False,True,False,False,0,0.15425308,0
0,0,0,1,21,1,0,64.85,1336.8,False,False,False,False,False,True,False,False,False,True,False,False,False,False,False,True,True,False,False,False,True,0,0.065459974,0
1,0,1,1,54,1,0,20.4,1090.6,False,False,False,True,True,False,True,False,True,False,True,False,True,False,True,False,False,True,True,False,False,0,0.018965878,0
0,1,1,0,61,1,1,104.4,6405.0,False,True,True,False,False,False,False,True,False,True,False,False,False,True,False,True,True,False,True,False,False,1,0.19055657,0
1,0,0,0,20,0,1,55.0,1165.55,True,False,False,False,False,True,False,True,False,True,False,True,False,True,False,False,False,False,True,False,False,0,0.22689265,0
1,0,0,0,69,1,1,105.2,7386.05,False,True,True,False,False,False,False,True,False,False,False,True,False,True,False,True,True,False,False,False,False,0,0.33383608,1
1,1,0,0,1,1,0,45.2,45.2,False,False,False,False,False,False,False,False,False,False,False,False,False,False,False,False,False,False,False,True,False,0,0.6786645,1
1,1,1,0,33,1,1,93.55,3055.5,False,False,True,False,False,True,False,True,False,False,False,True,False,False,False,True,True,False,False,True,False,0,0.13842492,0
1,0,0,1,19,1,0,20.85,467.5,False,False,False,True,True,False,True,False,True,False,True,False,True,False,True,False,False,True,True,False,False,0,0.015022106,0
1,0,0,0,2,1,0,79.0,143.65,False,False,True,False,False,False,False,False,False,False,False,False,False,True,False,False,False,False,False,True,False,1,0.62544817,1
0,0,1,1,13,1,1,63.15,816.8,False,False,False,False,False,True,False,False,False,True,False,False,False,False,False,True,False,False,False,False,True,0,0.18799777,0
1,0,0,0,1,1,1,45.8,45.8,False,False,False,False,False,False,False,False,False,False,False,False,False,False,False,False,False,False,False,False,True,0,0.54382676,1
0,0,1,1,55,1,0,55.7,3131.8,False,False,False,False,False,True,False,True,False,False,False,False,False,False,False,False,False,False,False,True,False,0,0.09493487,0
1,0,0,0,22,1,1,95.1,2162.6,False,True,True,False,False,False,False,False,False,False,False,False,False,True,False,True,False,False,False,True,False,0,0.6665217,1
1,1,1,0,27,1,1,75.5,1893.95,False,True,True,False,False,False,False,False,False,False,False,False,False,False,False,False,False,False,False,True,False,1,0.4561166,1
1,1,1,0,13,1,1,89.05,1169.35,False,False,True,False,False,False,False,True,False,False,False,True,False,False,False,True,False,False,False,False,False,1,0.50037754,1
1,0,1,1,26,1,0,50.35,1285.8,False,False,False,False,False,False,False,False,False,True,False,False,False,False,False,False,True,False,False,False,True,0,0.034134526,0
1,0,1,1,35,1,0,20.1,655.3,False,False,False,True,True,False,True,False,True,False,True,False,True,False,True,False,False,True,False,False,True,0,0.010095599,0
0,1,0,0,56,1,0,104.75,5841.35,False,True,True,False,False,False,False,True,False,True,False,False,False,True,False,True,False,False,False,True,False,0,0.39948714,1
1,0,0,0,1,1,1,95.45,95.45,False,True,True,False,False,False,False,False,False,False,False,False,False,True,False,True,False,False,False,True,False,1,0.9148531,1
1,1,1,0,1,1,0,74.3,74.3,False,True,True,False,False,False,False,False,False,False,False,False,False,False,False,False,False,False,False,True,False,0,0.82079476,1
1,0,0,0,23,1,1,90.6,1943.2,False,True,True,False,False,False,False,False,False,False,False,True,False,True,False,False,False,False,False,True,False,1,0.45947805,1
0,0,0,0,7,1,0,75.45,480.75,False,True,True,False,False,False,False,False,False,False,False,False,False,False,False,False,False,False,False,False,True,1,0.5548571,1
1,0,1,0,22,1,1,104.6,2180.55,False,False,True,False,False,True,False,True,False,False,False,True,False,True,False,True,False,False,False,True,False,0,0.5299424,1
1,0,1,0,56,1,0,59.5,3389.25,False,True,False,False,False,False,False,True,False,True,False,False,False,False,False,False,False,True,True,False,False,0,0.01786569,0
1,0,1,0,71,1,1,82.55,5832.65,False,False,False,False,False,True,False,False,False,True,False,True,False,True,False,True,False,True,False,True,False,0,0.014339093,0
1,0,1,1,59,1,0,19.85,1188.25,False,False,False,True,True,False,True,False,True,False,True,False,True,False,True,False,False,True,False,False,True,0,0.023022309,0
0,0,0,0,18,1,1,96.05,1740.7,False,False,True,False,False,True,False,False,False,False,False,False,False,True,False,True,False,False,False,True,False,1,0.58569854,1
1,0,1,0,60,1,1,61.35,3766.2,False,False,False,False,False,True,False,True,False,False,False,True,False,False,False,False,False,True,False,False,True,0,0.006990533,0
0,0,0,0,8,1,0,44.45,369.3,False,False,False,False,False,False,False,False,False,False,False,False,False,False,False,False,False,False,False,False,True,0,0.2045223,0
1,0,0,0,1,1,1,19.75,19.75,False,False,False,True,True,False,True,False,True,False,True,False,True,False,True,False,False,False,True,False,False,0,0.32787517,1
0,1,1,0,1,1,1,70.45,70.45,False,False,True,False,False,False,False,False,False,False,False,False,False,False,False,False,False,False,False,False,True,1,0.7909688,1
0,0,1,1,28,1,1,82.85,2320.8,False,False,True,False,False,True,False,False,False,False,False,False,False,False,False,True,True,False,False,False,False,0,0.17423362,0
1,0,0,0,18,1,0,74.15,1387.0,False,True,True,False,False,False,False,False,False,False,False,False,False,False,False,False,False,False,False,False,True,0,0.2399862,0
1,0,0,0,24,1,1,90.35,2238.5,False,False,True,False,False,False,False,False,False,False,False,False,False,True,False,True,False,False,False,True,False,1,0.5284908,1
0,0,1,1,68,0,0,60.3,4109.0,True,False,False,False,False,False,False,True,False,True,False,True,False,True,False,True,False,True,True,False,False,0,0.0060661295,0
1,0,1,1,71,1,1,104.65,7288.4,False,False,True,False,False,True,False,True,False,True,False,False,False,True,False,True,True,False,False,False,False,0,0.06745338,0
1,0,1,1,64,1,1,19.7,1274.05,False,False,False,True,True,False,True,False,True,False,True,False,True,False,True,False,False,True,False,False,False,0,0.008599699,0
0,0,1,0,72,1,1,110.75,7751.7,False,True,True,False,False,True,False,True,False,True,False,False,False,True,False,True,False,True,False,True,False,0,0.01424802,0
0,1,0,0,69,1,0,110.25,7467.55,False,True,True,False,False,True,False,False,False,True,False,True,False,True,False,True,False,True,True,False,False,0,0.19953,0
0,0,0,0,67,0,1,53.4,3579.15,True,False,False,False,False,False,False,False,False,True,False,True,False,True,False,True,False,False,True,False,False,0,0.05908871,0
0,1,0,0,20,1,0,80.7,1614.2,False,False,True,False,False,False,False,False,False,False,False,False,False,True,False,False,False,False,False,False,False,0,0.35671562,1
0,0,1,1,25,1,1,18.7,383.65,False,False,False,True,True,False,True,False,True,False,True,False,True,False,True,False,False,True,False,False,True,0,0.006155868,0
0,0,0,0,50,1,1,89.7,4304.5,False,False,True,False,False,False,False,False,False,True,False,True,False,False,False,True,False,True,False,False,False,0,0.015585556,0
0,0,1,1,6,1,1,48.95,273.25,False,True,False,False,False,False,False,False,False,False,False,False,False,False,False,False,False,False,True,False,False,0,0.33687145,1
0,0,0,1,2,1,1,19.6,35.85,False,False,False,True,True,False,True,False,True,False,True,False,True,False,True,False,False,False,False,True,False,1,0.22969025,0
0,0,0,0,18,1,0,20.1,407.05,False,False,False,True,True,False,True,False,True,False,True,False,True,False,True,False,True,False,False,False,True,0,0.029724848,0
0,1,0,0,2,1,1,56.55,118.25,False,True,False,False,False,False,False,True,False,False,False,False,False,False,False,False,False,False,True,False,False,0,0.5854788,1
1,0,0,0,3,0,1,40.15,130.75,True,False,False,False,False,False,False,False,False,True,False,False,False,True,False,False,False,False,False,False,True,1,0.63040096,1
0,0,0,1,9,1,1,69.4,571.45,False,False,False,False,False,False,False,False,False,False,False,True,False,True,False,True,False,False,True,False,False,0,0.20975637,0
1,0,0,0,1,1,1,69.9,69.9,False,False,True,False,False,False,False,False,False,False,False,False,False,False,False,False,False,False,False,True,False,1,0.83421946,1
0,0,0,0,70,1,1,113.65,7939.25,False,True,True,False,False,True,False,True,False,True,False,True,False,True,False,True,False,True,False,False,False,0,0.06412617,0
0,0,0,0,46,1,0,96.05,4399.5,False,True,True,False,False,False,False,False,False,False,False,False,False,True,False,True,False,False,False,False,False,1,0.3716806,1
0,0,0,0,15,1,1,48.8,720.1,False,True,False,False,False,False,False,False,False,False,False,False,False,False,False,False,False,False,False,False,True,0,0.29377332,1
0,0,0,0,53,1,0,19.85,1049.6,False,False,False,True,True,False,True,False,True,False,True,False,True,False,True,False,False,True,True,False,False,0,0.027356239,0
0,0,0,0,1,1,1,55.4,55.4,False,False,False,False,False,False,False,False,False,False,False,False,False,False,False,True,False,False,False,True,False,1,0.7410616,1
0,0,0,0,29,1,0,19.35,601.6,False,False,False,True,True,False,True,False,True,False,True,False,True,False,True,False,False,False,True,False,False,0,0.080404736,0
0,0,0,0,1,1,1,77.15,77.15,False,True,True,False,False,False,False,False,False,False,False,False,False,False,False,False,False,False,False,True,False,1,0.9081538,1
1,0,0,0,69,0,1,60.05,4176.7,True,False,False,False,False,True,False,True,False,False,False,True,False,True,False,True,False,True,False,False,False,0,0.009873654,0
1,1,1,0,63,0,0,36.1,2298.9,True,False,False,False,False,True,False,False,False,False,False,True,False,False,False,False,True,False,False,False,False,0,0.042768262,0
1,1,0,0,51,1,0,25.0,1260.7,False,True,False,True,True,False,True,False,True,False,True,False,True,False,True,False,True,False,False,False,False,0,0.015239144,0
1,0,1,0,64,1,1,73.55,4764.0,False,False,True,False,False,True,False,False,False,False,False,False,False,False,False,False,False,False,False,False,True,0,0.07985472,0
0,0,1,1,52,1,1,84.05,4326.8,False,False,True,False,False,True,False,False,False,True,False,True,False,False,False,False,False,False,False,False,False,0,0.13826218,0
1,0,1,1,70,0,0,59.5,4144.8,True,False,False,False,False,True,False,False,False,True,False,True,False,True,False,True,False,True,False,False,False,0,0.0067805545,0
1,0,1,1,9,1,0,54.8,452.8,False,False,False,False,False,False,False,True,False,False,False,True,False,False,False,False,False,False,False,False,True,0,0.15293221,0
0,0,0,0,3,1,0,83.75,247.25,False,False,True,False,False,False,False,True,False,False,False,False,False,True,False,False,False,False,False,True,False,1,0.5436319,1
1,0,1,0,70,1,1,74.8,5315.8,False,True,False,False,False,True,False,False,False,True,False,True,False,False,False,True,False,True,True,False,False,0,0.0634829,0
1,0,0,0,21,1,1,84.1,1737.45,False,True,True,False,False,False,False,False,False,False,False,False,False,False,False,True,False,False,False,True,False,0,0.5996612,1
0,1,0,0,5,1,1,75.55,349.65,False,False,True,False,False,False,False,False,False,True,False,False,False,False,False,False,False,False,True,False,False,1,0.56682557,1
1,0,0,0,20,1,1,108.2,2203.7,False,False,True,False,False,True,False,True,False,True,False,True,False,True,False,True,False,False,False,False,False,0,0.4133754,1
0,1,1,0,72,1,1,109.75,8075.35,False,True,True,False,False,True,False,False,False,True,False,True,False,True,False,True,False,True,False,False,True,0,0.025065575,0
1,0,1,1,72,1,0,20.3,1401.15,False,False,False,True,True,False,True,False,True,False,True,False,True,False,True,False,False,True,False,False,False,0,0.002555312,0
0,1,0,0,2,1,1,70.65,142.35,False,False,True,False,False,False,False,False,False,False,False,False,False,False,False,False,False,False,False,True,False,1,0.6525535,1
0,0,1,1,23,1,1,75.3,1702.9,False,False,True,False,False,False,False,False,False,True,False,False,False,False,False,False,False,False,True,False,False,0,0.29253602,1
0,0,0,0,4,1,0,20.95,85.5,False,False,False,True,True,False,True,False,True,False,True,False,True,False,True,False,False,False,False,False,False,1,0.12939921,0
1,0,0,0,32,1,1,80.35,2596.15,False,True,True,False,False,False,False,True,False,False,False,False,False,False,False,False,False,False,False,False,False,1,0.3687819,1
0,0,0,0,36,1,1,89.65,3348.1,False,True,False,False,False,True,False,False,False,True,False,True,False,True,False,True,True,False,True,False,False,0,0.12215361,0
1,0,0,0,24,1,1,49.7,1218.25,False,False,False,False,False,False,False,True,False,False,False,False,False,False,False,False,False,False,False,False,True,0,0.17588621,0
1,0,0,0,6,1,1,49.5,312.7,False,False,False,False,False,False,False,False,False,False,False,True,False,False,False,False,False,False,True,False,False,0,0.256575,1
1,0,1,1,23,1,0,59.7,1414.2,False,True,False,False,False,False,False,True,False,False,False,True,False,False,False,False,False,True,False,False,True,0,0.012613513,0
0,0,1,1,48,1,0,20.65,1057.0,False,False,False,True,True,False,True,False,True,False,True,False,True,False,True,False,False,True,False,False,False,0,0.009885389,0
0,0,0,0,28,1,1,54.9,1505.15,False,True,False,False,False,False,False,False,False,False,False,True,False,False,False,False,False,False,True,False,False,0,0.10068976,0
1,1,0,0,52,0,1,49.15,2550.9,True,False,False,False,False,False,False,True,False,False,False,False,False,True,False,True,False,False,False,True,False,1,0.4742177,1
0,0,0,0,3,1,1,74.95,212.4,False,True,True,False,False,False,False,False,False,False,False,False,False,False,False,False,False,False,False,True,False,0,0.7489771,1
0,0,0,0,2,1,0,80.55,184.1,False,False,True,False,False,False,False,False,False,False,False,False,False,False,False,True,False,False,False,True,False,1,0.59798807,1
1,0,0,0,4,1,0,19.95,68.2,False,False,False,True,True,False,True,False,True,False,True,False,True,False,True,False,True,False,False,False,True,0,0.04061716,0
1,0,0,0,5,1,1,69.7,316.9,False,False,True,False,False,False,False,False,False,False,False,False,False,False,False,False,False,False,False,True,False,1,0.60124564,1
0,1,0,0,1,1,1,69.6,69.6,False,False,True,False,False,False,False,False,False,False,False,False,False,False,False,False,False,False,False,True,False,1,0.8843289,1
1,0,1,1,66,1,1,19.75,1344.5,False,False,False,True,True,False,True,False,True,False,True,False,True,False,True,False,False,True,False,False,True,0,0.0068060486,0
0,0,1,0,52,1,1,102.7,5138.1,False,True,True,False,False,False,False,True,False,False,False,True,False,True,False,True,False,False,True,False,False,0,0.35663527,1
0,0,0,0,1,0,0,24.6,24.6,True,False,False,False,False,False,False,False,False,False,False,False,False,False,False,False,False,False,False,True,False,1,0.5774559,1
1,0,0,0,35,1,1,89.2,3251.3,False,False,True,False,False,True,False,False,False,False,False,True,False,False,False,True,True,False,False,True,False,0,0.15248096,0
1,0,1,0,3,1,1,55.8,154.55,False,False,False,False,False,False,False,False,False,True,False,True,False,False,False,False,False,False,False,False,True,0,0.3418164,1
0,1,0,0,66,1,1,102.85,6976.75,False,True,True,False,False,False,False,False,False,True,False,True,False,True,False,True,True,False,True,False,False,0,0.24916986,0
0,0,0,0,59,1,0,68.7,4070.95,False,True,False,False,False,True,False,False,False,False,False,True,False,False,False,True,True,False,False,False,False,0,0.047380615,0
1,0,1,1,52,1,0,25.75,1345.85,False,True,False,True,True,False,True,False,True,False,True,False,True,False,True,False,False,True,False,False,True,0,0.007263445,0
0,0,0,0,8,1,1,73.5,632.2,False,True,True,False,False,False,False,False,False,False,False,False,False,False,False,False,False,False,False,True,False,0,0.7209745,1
0,0,0,0,5,1,1,53.8,283.95,False,True,False,False,False,True,False,False,False,False,False,False,False,False,False,False,False,False,False,True,False,0,0.41744506,1
1,0,0,0,4,0,1,44.55,174.3,True,False,False,False,False,False,False,False,False,False,False,False,False,True,False,True,False,False,False,True,False,1,0.7099746,1
1,0,1,1,50,1,1,70.5,3486.65,False,True,False,False,False,True,False,False,False,False,False,True,False,True,False,False,False,True,True,False,False,0,0.018117644,0
1,0,1,1,62,1,0,108.15,6825.65,False,False,True,False,False,True,False,True,False,True,False,True,False,True,False,True,False,True,False,False,True,0,0.032891463,0
0,0,0,0,61,1,0,19.45,1336.35,False,False,False,True,True,False,True,False,True,False,True,False,True,False,True,False,True,False,False,False,False,0,0.021261299,0
1,0,1,1,55,1,0,85.5,4713.4,False,True,True,False,False,False,False,False,False,False,False,False,False,False,False,True,False,False,False,False,False,0,0.25949544,1
1,0,0,0,5,1,0,20.05,95.55,False,False,False,True,True,False,True,False,True,False,True,False,True,False,True,False,False,False,True,False,False,0,0.10503198,0
0,0,1,1,35,1,1,54.95,1916.0,False,False,False,False,False,True,False,False,False,False,False,True,False,False,False,False,True,False,False,False,False,0,0.044415552,0
1,0,0,1,22,1,1,89.1,1949.4,False,True,True,False,False,False,False,True,False,False,False,False,False,True,False,False,False,False,True,False,False,0,0.42696235,1
1,0,0,0,57,0,0,53.35,3090.05,True,False,False,False,False,False,False,False,False,True,False,True,False,True,False,True,False,True,True,False,False,0,0.0156727,0
1,1,1,0,57,1,1,95.25,5427.05,False,True,True,False,False,False,False,True,False,True,False,False,False,False,False,True,False,False,False,False,False,1,0.34790492,1
0,0,1,0,64,1,0,19.45,1225.65,False,False,False,True,True,False,True,False,True,False,True,False,True,False,True,False,False,True,True,False,False,0,0.01054114,0
0,0,0,0,26,1,1,95.85,2475.35,False,False,True,False,False,True,False,False,False,True,False,True,False,False,False,True,True,False,False,False,False,0,0.17699954,0
0,1,1,0,39,1,0,99.1,3877.95,False,False,True,False,False,True,False,True,False,False,False,False,False,True,False,True,True,False,False,False,True,0,0.26730105,1
0,0,1,0,19,1,1,59.8,1130.85,False,False,False,False,False,False,False,True,False,False,False,False,False,False,False,True,False,False,False,False,True,0,0.22986485,0
1,0,1,0,31,1,0,93.8,3019.5,False,True,True,False,False,False,False,True,False,True,False,False,False,True,False,False,False,False,False,True,False,1,0.35422656,1
0,0,1,1,6,1,0,19.85,119.3,False,False,False,True,True,False,True,False,True,False,True,False,True,False,True,False,False,False,False,False,True,0,0.100763984,0
1,0,0,0,52,1,1,89.45,4577.75,False,True,True,False,False,False,False,False,False,True,False,False,False,False,False,True,False,True,True,False,False,0,0.04987648,0
1,0,1,1,53,1,0,85.7,4616.1,False,True,False,False,False,True,False,False,False,True,False,True,False,True,False,True,False,False,False,True,False,0,0.10318661,0
0,1,0,0,56,1,1,111.95,6418.9,False,True,True,False,False,False,False,True,False,True,False,True,False,True,False,True,True,False,False,True,False,1,0.22487593,0
1,0,1,1,56,1,1,75.85,4261.2,False,True,False,False,False,True,False,True,False,False,False,True,False,False,False,True,False,True,True,False,False,0,0.014280102,0
1,0,1,1,49,1,1,99.8,4872.45,False,True,True,False,False,False,False,False,False,True,False,False,False,True,False,True,False,False,False,True,False,1,0.5825266,1
1,0,0,1,39,1,0,25.0,1004.35,False,True,False,True,True,False,True,False,True,False,True,False,True,False,True,False,False,True,False,False,True,0,0.012188793,0
0,0,1,1,61,1,1,99.15,6010.05,False,True,True,False,False,False,False,True,False,False,False,False,False,True,False,True,False,False,False,True,False,1,0.3781419,1
0,0,1,0,43,0,0,34.0,1505.35,True,False,False,False,False,True,False,False,False,False,False,True,False,False,False,False,False,False,False,False,False,0,0.12785578,0
0,0,0,0,5,1,0,19.55,99.6,False,False,False,True,True,False,True,False,True,False,True,False,True,False,True,False,True,False,False,True,False,0,0.07243248,0
0,0,0,0,11,1,0,20.3,246.3,False,False,False,True,True,False,True,False,True,False,True,False,True,False,True,False,False,False,False,False,False,0,0.07852773,0
1,0,0,0,2,1,0,24.85,62.0,False,True,False,True,True,False,True,False,True,False,True,False,True,False,True,False,False,False,False,False,True,0,0.20001045,0
0,0,0,0,13,1,1,96.65,1244.5,False,True,True,False,False,True,False,True,False,False,False,False,False,True,False,False,False,False,False,True,False,1,0.71326697,1
1,0,1,1,72,1,0,81.0,5750.0,False,True,False,False,False,True,False,True,False,True,False,True,False,False,False,True,False,True,True,False,False,0,0.002353796,0
0,1,0,0,46,1,1,69.1,3255.35,False,True,False,False,False,False,False,False,False,True,False,True,False,False,False,True,True,False,True,False,False,0,0.1564625,0
1,0,1,0,71,1,1,108.55,7616.0,False,True,True,False,False,True,False,False,False,True,False,True,False,True,False,True,False,True,True,False,False,0,0.30409655,1
0,0,0,0,36,1,1,87.55,3078.1,False,False,True,False,False,False,False,False,False,True,False,True,False,False,False,True,False,False,False,True,False,1,0.2894674,1
1,0,1,0,64,1,1,108.5,6880.85,False,True,True,False,False,True,False,False,False,True,False,True,False,True,False,True,True,False,False,False,True,0,0.17946689,0
0,0,0,0,1,1,0,75.3,75.3,False,False,True,False,False,True,False,False,False,False,False,False,False,False,False,False,False,False,False,False,True,1,0.572215,1
0,0,1,0,15,1,1,84.3,1308.4,False,False,True,False,False,False,False,False,False,True,False,False,False,True,False,False,False,False,False,True,False,1,0.50026613,1
1,0,1,0,36,1,0,20.0,666.75,False,False,False,True,True,False,True,False,True,False,True,False,True,False,True,False,True,False,False,False,True,0,0.019827975,0
0,0,1,1,6,0,0,40.55,217.5,True,False,False,False,False,False,False,True,False,True,False,True,False,False,False,False,False,True,False,False,True,0,0.03888491,0
1,0,1,0,30,1,1,50.0,1474.9,False,False,False,False,False,False,False,False,False,True,False,False,False,False,False,False,False,False,False,False,True,0,0.1314781,0
1,0,0,0,1,1,1,59.85,59.85,False,True,False,False,False,False,False,False,False,False,False,False,False,True,False,False,False,False,False,True,False,1,0.76497966,1
1,0,0,0,13,1,1,80.85,1008.7,False,False,True,False,False,False,False,False,False,False,False,False,False,False,False,True,False,False,False,True,False,1,0.5054165,1
1,0,1,1,61,1,0,20.4,1226.45,False,False,False,True,True,False,True,False,True,False,True,False,True,False,True,False,True,False,False,False,True,0,0.013251828,0
1,0,1,1,72,1,1,107.7,7919.8,False,True,True,False,False,True,False,True,False,False,False,True,False,True,False,True,False,True,True,False,False,0,0.008118317,0
0,0,1,1,67,1,0,74.0,4868.4,False,True,False,False,False,True,False,True,False,False,False,True,False,True,False,False,False,True,True,False,False,0,0.039343305,0
0,0,0,0,34,1,1,79.95,2727.3,False,False,False,False,False,True,False,False,False,True,False,True,False,True,False,True,True,False,False,False,False,0,0.115430176,0
0,0,1,0,72,1,0,20.5,1502.25,False,False,False,True,True,False,True,False,True,False,True,False,True,False,True,False,False,True,True,False,False,0,0.0028406586,0
1,0,1,0,46,1,0,65.65,3047.15,False,False,False,False,False,True,False,True,False,True,False,True,False,False,False,False,False,True,False,False,True,0,0.012715127,0
0,0,0,0,7,1,1,75.1,552.95,False,True,True,False,False,False,False,False,False,False,False,False,False,False,False,False,False,False,False,False,False,1,0.6576292,1
0,1,0,0,7,1,0,76.45,503.6,False,False,True,False,False,True,False,False,False,False,False,False,False,False,False,False,False,False,False,False,False,1,0.38853073,1
1,0,1,0,72,1,1,67.8,4804.65,False,True,False,False,False,True,False,True,False,True,False,True,False,False,False,False,False,True,False,False,False,0,0.0023901751,0
0,0,1,1,32,1,1,86.1,2723.75,False,False,True,False,False,False,False,True,False,False,False,False,False,True,False,False,False,False,False,True,False,0,0.42304358,1
1,0,0,0,39,1,1,53.85,2200.7,False,True,False,False,False,False,False,False,False,False,False,True,False,False,False,False,False,True,True,False,False,0,0.018672306,0
1,0,1,1,47,1,1,96.1,4391.45,False,False,True,False,False,True,False,True,False,True,False,False,False,False,False,True,True,False,False,True,False,0,0.13936247,0
0,1,1,0,50,1,1,95.05,4888.7,False,True,True,False,False,False,False,True,False,True,False,False,False,True,False,False,False,False,False,True,False,1,0.48007974,1
1,0,1,1,58,1,1,19.55,1108.8,False,False,False,True,True,False,True,False,True,False,True,False,True,False,True,False,True,False,False,True,False,0,0.09560426,0
0,0,0,0,41,1,1,81.3,3190.65,False,True,True,False,False,True,False,False,False,False,False,False,False,False,False,False,False,False,True,False,False,0,0.30696246,1
0,1,1,0,4,1,1,83.25,308.05,False,True,True,False,False,False,False,False,False,False,False,False,False,True,False,False,False,False,False,True,False,0,0.7961646,1
0,0,1,1,32,1,0,61.4,1864.65,False,False,False,False,False,True,False,True,False,False,False,True,False,False,False,False,False,False,False,False,False,0,0.07622958,0
1,0,0,0,1,1,0,20.75,20.75,False,False,False,True,True,False,True,False,True,False,True,False,True,False,True,False,False,False,True,False,False,0,0.29481462,1
1,0,0,0,19,1,0,19.65,358.15,False,False,False,True,True,False,True,False,True,False,True,False,True,False,True,False,False,True,False,False,True,0,0.019098287,0
0,1,1,0,62,1,1,104.85,6312.9,False,True,True,False,False,True,False,False,False,True,False,False,False,True,False,True,True,False,False,True,False,0,0.21068786,0
0,0,0,0,1,1,0,74.1,74.1,False,False,False,False,False,False,False,False,False,True,False,True,False,True,False,True,True,False,True,False,False,0,0.13558497,0
0,0,0,0,12,1,1,61.65,713.75,False,True,False,False,False,True,False,False,False,True,False,True,False,False,False,False,False,False,False,False,True,1,0.18784614,0
0,0,1,0,48,0,1,45.3,2145.0,True,False,False,False,False,True,False,False,False,True,False,False,False,False,False,True,False,False,False,False,False,1,0.19183761,0
0,0,0,1,3,1,1,64.5,177.4,False,False,False,False,False,True,False,False,False,False,False,True,False,False,False,True,False,False,False,False,False,0,0.27220726,1
0,0,1,0,40,1,1,78.85,3126.85,False,True,True,False,False,False,False,False,False,False,False,True,False,False,False,False,False,False,True,False,False,0,0.3273447,1
1,0,0,0,19,0,1,25.15,468.35,True,False,False,False,False,False,False,False,False,False,False,False,False,False,False,False,False,False,False,False,False,0,0.3067598,1
0,0,0,0,1,1,1,70.25,70.25,False,False,True,False,False,False,False,False,False,False,False,False,False,False,False,False,False,False,False,True,False,1,0.8132962,1
0,0,1,1,67,1,1,24.9,1680.25,False,True,False,True,True,False,True,False,True,False,True,False,True,False,True,False,False,True,False,False,True,0,0.0060176747,0
0,0,1,1,16,1,0,100.7,1522.7,False,False,True,False,False,True,False,False,False,True,False,False,False,True,False,True,False,False,False,False,False,0,0.47161078,1
0,0,0,0,1,1,1,19.55,19.55,False,False,False,True,True,False,True,False,True,False,True,False,True,False,True,False,False,False,False,False,True,0,0.420384,1
0,0,0,1,21,0,0,53.15,1183.2,True,False,False,False,False,True,False,True,False,True,False,True,False,True,False,False,False,True,False,False,True,0,0.021628547,0
0,1,1,1,29,0,1,35.65,1025.15,True,False,False,False,False,False,False,True,False,True,False,False,False,False,False,False,False,False,False,False,True,0,0.22480397,0
1,1,1,1,20,1,0,94.3,1818.3,False,False,True,False,False,True,False,False,False,True,False,True,False,False,False,True,True,False,True,False,False,0,0.17268755,0
0,0,1,0,13,1,0,94.1,1215.6,False,True,True,False,False,False,False,True,False,True,False,False,False,True,False,False,False,False,False,True,False,1,0.73706806,1
1,0,1,1,9,0,1,29.95,248.95,True,False,False,False,False,False,False,True,False,False,False,False,False,False,False,False,False,False,False,True,False,1,0.41670507,1
1,0,1,0,51,1,1,83.25,4089.45,False,False,False,False,False,True,False,True,False,True,False,True,False,True,False,True,False,True,True,False,False,0,0.014396923,0
1,0,1,1,60,1,1,79.05,4663.4,False,False,False,False,False,True,False,True,False,False,False,True,False,True,False,True,False,False,True,False,False,0,0.044118647,0
0,1,0,0,20,1,1,79.15,1520.9,False,True,True,False,False,True,False,False,False,False,False,False,False,False,False,False,False,False,False,True,False,1,0.46595737,1
1,0,0,0,9,0,1,34.7,296.1,True,False,False,False,False,False,False,False,False,False,False,False,False,True,False,False,False,False,True,False,False,1,0.3887343,1
0,1,1,0,8,1,1,80.65,633.3,False,True,True,False,False,False,False,True,False,False,False,False,False,False,False,False,False,False,True,False,False,1,0.67839646,1
1,0,1,0,63,1,0,79.8,5034.05,False,True,False,False,False,False,False,False,False,True,False,True,False,True,False,True,False,True,True,False,False,0,0.023152208,0
0,0,1,1,10,1,1,65.9,660.05,False,False,False,False,False,False,False,True,False,True,False,False,False,False,False,True,True,False,False,False,True,0,0.21390465,0
0,0,0,0,3,1,1,69.95,220.45,False,False,False,False,False,False,False,False,False,True,False,False,False,True,False,True,True,False,False,True,False,0,0.3638183,1
1,0,1,1,44,1,0,20.6,926.0,False,False,False,True,True,False,True,False,True,False,True,False,True,False,True,False,True,False,False,False,False,0,0.01640044,0
1,0,1,1,8,1,1,51.3,411.6,False,False,False,False,False,True,False,False,False,False,False,False,False,False,False,False,False,False,True,False,False,0,0.21831094,0
1,0,1,1,61,1,1,106.0,6547.7,False,True,True,False,False,True,False,True,False,False,False,False,False,True,False,True,True,False,False,True,False,1,0.11307745,0
0,0,1,1,43,1,1,99.3,4209.95,False,True,True,False,False,False,False,False,False,True,False,False,False,True,False,True,False,False,False,False,False,0,0.571511,1
1,0,1,0,43,1,1,56.35,2391.15,False,False,False,False,False,False,False,False,False,False,False,False,False,True,False,False,True,False,False,False,True,0,0.07781989,0
0,0,0,0,5,1,1,50.6,249.95,False,True,False,False,False,False,False,False,False,False,False,False,False,False,False,False,False,False,False,False,True,1,0.45652965,1
1,0,1,1,29,1,0,69.05,1958.45,False,True,False,False,False,True,False,False,False,False,False,True,False,True,False,False,True,False,False,False,False,0,0.026413677,0
1,1,1,0,54,1,1,99.05,5295.7,False,True,True,False,False,False,False,False,False,True,False,False,False,True,False,True,False,False,True,False,False,0,0.514086,1
1,0,1,0,50,1,1,98.25,4858.7,False,True,True,False,False,False,False,True,False,False,False,False,False,True,False,True,True,False,False,True,False,0,0.335672,1
0,0,0,0,68,1,1,88.15,6148.45,False,True,False,False,False,True,False,True,False,True,False,True,False,True,False,True,False,True,False,True,False,0,0.041668616,0
0,1,1,1,1,1,1,69.25,69.25,False,False,True,False,False,False,False,False,False,False,False,False,False,False,False,False,False,False,False,True,False,1,0.87422943,1
0,0,1,1,72,1,1,108.3,7679.65,False,False,True,False,False,True,False,True,False,True,False,True,False,True,False,True,False,True,False,False,False,0,0.018142384,0
0,0,0,0,55,1,1,73.1,4144.9,False,True,True,False,False,False,False,False,False,False,False,False,False,False,False,False,False,False,False,True,False,0,0.38513774,1
1,0,0,0,3,1,1,70.3,220.4,False,False,True,False,False,False,False,False,False,False,False,False,False,False,False,False,False,False,False,False,True,0,0.5630692,1
1,0,0,0,1,1,0,19.05,19.05,False,False,False,True,True,False,True,False,True,False,True,False,True,False,True,False,False,False,False,False,True,0,0.16561864,0
0,0,1,1,7,1,0,19.85,144.15,False,False,False,True,True,False,True,False,True,False,True,False,True,False,True,False,False,True,False,False,True,0,0.018206557,0
1,1,0,0,9,1,1,84.4,732.5,False,True,True,False,False,False,False,False,False,False,False,False,False,False,False,True,False,False,True,False,False,1,0.75227445,1
1,0,0,0,37,0,0,35.8,1316.9,True,False,False,False,False,False,False,False,False,False,False,False,False,True,False,False,False,True,True,False,False,0,0.020863205,0
1,0,1,1,62,1,0,86.1,5215.25,False,False,False,False,False,True,False,True,False,True,False,True,False,True,False,True,False,True,False,True,False,0,0.02022225,0
0,0,1,1,56,1,1,61.3,3346.8,False,False,False,False,False,True,False,True,False,True,False,False,False,False,False,False,False,True,True,False,False,0,0.016641427,0
0,0,1,1,27,1,0,24.5,761.95,False,True,False,True,True,False,True,False,True,False,True,False,True,False,True,False,False,True,False,True,False,0,0.02092008,0
0,0,1,1,49,1,1,87.2,4345.0,False,False,False,False,False,True,False,True,False,True,False,True,False,True,False,True,True,False,False,False,True,0,0.056859743,0
1,0,1,1,28,1,1,20.3,487.95,False,False,False,True,True,False,True,False,True,False,True,False,True,False,True,False,False,True,True,False,False,0,0.010070949,0
1,0,0,0,5,1,0,20.65,93.55,False,False,False,True,True,False,True,False,True,False,True,False,True,False,True,False,False,False,False,False,False,0,0.10527659,0
0,0,0,0,56,1,0,19.7,1051.9,False,False,False,True,True,False,True,False,True,False,True,False,True,False,True,False,False,True,False,False,False,0,0.029084347,0
0,0,1,1,72,1,1,70.45,5165.7,False,True,False,False,False,True,False,True,False,True,False,True,False,False,False,False,False,True,False,False,False,0,0.0032854134,0
